"VanBanGoc","TenTask","LoaiTask","DoKho"
"ê m lm bài tập đại số chưa cho t chép dzoi","Bài tập đại số","BaiTap","3"
"deadline assignment 2 là tối thứ 6 nha mn","Assignment 2","BaiTap","3"
"chết mẹ quên làm btvn r cứu 🆘","Bài tập về nhà","BaiTap","3"
"mai phai nop bt li roi dm kho vkl","Bài tập lý","BaiTap","3"
"có ai rảnh help tớ cái task excel này vs","Task excel","Khac","3"
"hôm nay cô giao tận 3 bài essay lận 😭","Làm 3 essay","Khac","3"
"toi nay thuc khuya lam not cai report","Làm report","Khac","3"
"gấp gấp ai làm xong bt lập trình chưa","Bài tập lập trình","BaiTap","5"
"ủa thứ 2 có fải nộp bài k mng","Nộp bài tập","Khac","3"
"bài hôm qua khó bá cháy đéo biết làm lun","Bài tập hôm qua","Khac","5"
"mai có test math k nhỉ","Kiểm tra ton","Khac","3"
"thứ 3 ktra 15p sử á ae","Kiểm tra sử 15p","KiemTraThuongXuyen","3"
"chieu nay kiem tra r ma h chua chu nao vao dau","Kiểm tra chiều nay","Khac","3"
"15p anh văn cô cho dễ thôi đừng lo","Kiểm tra anh 15p","Khac","2"
"tuan sau test midterm kinh te vi mo do nhe","Midterm vi mô","Khac","3"
"ktra 1 tiết sinh học phần di truyền nha","Kiểm tra sinh","KiemTraThuongXuyen","3"
"toang r mai ktra 1 tiet hóa tao chua hoc j","Kiểm tra hóa","KiemTraThuongXuyen","5"
"lát học xong ở lại test thử c++ nha","Test thử c++","Khac","3"
"thầy bảo mai có pop quiz đấy ae cẩn thận","Pop quiz","KiemTraThuongXuyen","3"
"nay làm bài ktra ngu vkl hi vọng trên trung bình","Kiểm tra hôm nay","KiemTraThuongXuyen","3"
"tuan sau thi cuoi ky roi dcm","Thi cuối kỳ","ThiCuoiKy","3"
"exam đợt này chua vãi đái ae ôn kỹ nha","Thi đợt này","ThiCuoiKy","3"
"lịch thi final ra r kìa 15 tây thi triết","Thi triết","ThiCuoiKy","3"
"mai thi toán chắc toang rồi 😭","Thi ton","ThiCuoiKy","5"
"chuẩn bị thi môn mạng máy tính thấy bảo rớt nhiều lắm","Thi mạng my tính","ThiCuoiKy","5"
"mai thi mác lenin 120 câu trắc nghiệm dã man","Thi mc-lenin","ThiCuoiKy","3"
"cuoi tuan nay thi r tao dang bi tram cam 🫠","Thi cuối tuần","ThiCuoiKy","3"
"thi qua môn là vui r k cần điểm cao","Thi qua môn","ThiCuoiKy","3"
"tháng sau là final exam r ae tập trung nha","Final exam","ThiCuoiKy","3"
"mai đi thi nhớ đem thẻ sv nha m","Thi cuối kỳ","ThiCuoiKy","3"
"mai nộp pj r mà đéo có idea j","Làm project","Khac","3"
"tối nay team mình meeting chốt idea nhé","Họp nhóm project","Khac","3"
"tuan sau phai present cai slide nay roi","Thuyết trình slide","Khac","3"
"nhóm 3 hnay nộp proposal cho cô nha","Nộp proposal","Khac","3"
"tình hình tiến độ cái đồ án tới đâu r ae","Đồ n môn học","DuAn","3"
"hôm nay tao làm phần frontend m làm backend nhé","Làm frontend","Khac","3"
"deadline project final là 23h59 chủ nhật nha","Project final","ThiCuoiKy","3"
"có ai rành edit video k phụ t cái clip bài tập này vs","Edit video project","BaiTap","3"
"dm thằng A ko làm group work tao kich nó nha","Làm group work","Khac","3"
"bao gio phai nop ban draft cho thay vay","Nộp bản draft","Khac","3"
"thấy mng bảo phần chương 3 dài lắm nên ôn sớm","Ôn chương 3","OnTap","4"
"cuối tuần tao qua nhà m review lại bài nhe","Review lại bài","Khac","3"
"h rảnh k call tao chỉ cho cách giải bài hqua","Giải bài hôm qua","Khac","3"
"phai doc lai tai lieu chu quen sach roi","Đọc lại tài liệu","Khac","3"
"ai tóm tắt dùm t cái mindmap sinh học với","Mindmap sinh học","Khac","3"
"on tap sml tu sang toi gio chua an j","Ôn tập","Khac","3"
"tối nay cày nốt 3 đề toán là đi ngủ 😪","Cày đề ton","Khac","3"
"đề cương triết học tận 20 trang wtf","Ôn đề cương triết","Khac","3"
"này tao gửi file review exam ae tham khảo nha","Review exam","Khac","3"
"thứ 7 ở nhà ôn thi nha m ko đi chơi đâu","Ôn thi ở nhà","ThiCuoiKy","3"
"nhwos nosi thaafy vu kiem tra","Hỏi thầy kiểm tra","Khac","3"
"thấy bảo tuần sau thầy ktra vở đấy","Kiểm tra vở","KiemTraThuongXuyen","3"
"nhớ nhắc t nộp tiền quỹ lớp trc t6 nha","Nộp quỹ lớp","NhacNho","3"
"chieu nay hoc bu tren giang duong a mn nho nhe","Học bù buổi chiều","Khac","3"
"mai nghỉ nha cô ốm r 🥳","Nghỉ học","Khac","3"
"alo ai đi lấy áo lớp vs t ko","Lấy o lớp","Khac","3"
"mai mang sach bai tap di dung quen do nha","Mang sch bài tập","Khac","3"
"remind ae mai nộp form đk môn tự chọn nhé","Nộp form đăng ký","OnTap","3"
"đừng quên mang lap đi học nha","Mang laptop","Khac","3"
"thay bao la ko dc xai tai lieu nha","Không xài tài liệu","Khac","3"
"ủa alo thứ 3 có tiết k m","Xem thời khóa biểu","Khac","3"
"Ê chiều nay đi đá bóng nha","Đ bóng","Khac","3"
"tối ra net đánh 2 trận lol ko m","Chơi game net","Khac","3"
"nay t mệt quá cúp cua 1 bữa nha","Cúp cua nghỉ học","Khac","3"
"trua an gi m t dki com tam nhe","Ăn trưa cơm tấm","Khac","3"
"dm ktx cúp điện r nóng vãi","Ký túc x cúp điện","KiemTraThuongXuyen","3"
"mày có link discord của lớp ko gửi t xin","Link discord lớp","Khac","3"
"mai m chở tao đi hc đc ko xe tao hư r","Đi nhờ xe","Khac","3"
"cuoi tuan nay hoi truong co event j a","Event hội trường","Khac","3"
"đm ông thầy nay nói cái qq j ko hiểu lun","Nghe thầy giảng","OnTap","3"
"cuối tuần này chả muốn lết xác ra khỏi giường mà ông thầy bắt nộp báo cáo 😢","Nộp bo co","DuAn","3"
"cái hw nay ảo ma canada quá giải nãy h đ ra","Giải homework","Khac","3"
"lamf bsai tapj hoas chua m","Bài tập hóa","Khac","3"
"mai deadline roi mak t vẫn đag luớt toptop nè haiz","Chạy deadline","Khac","3"
"tới công chiện gòi cô bắt viết tay 5 trang","Viết tay 5 trang","OnTap","3"
"vừa thất tình vừa phải làm đống bài tập giải tích 💔","Bài tập giải tích","BaiTap","3"
"nay làm bài tập dc có 5 điểm trầm cảm cmnl","Bài tập","BaiTap","3"
"deadline dí sát đít r mà vẫn lười vl =))","Chạy deadline","Khac","3"
"có pro nào thông não giúp t cái đề này ko","Giải đề","OnTap","3"
"assignment chua lo xong ma con bao đi nhậu","Làm assignment","BaiTap","3"
"chiu nay test vl tao sợ rớt môn","Test vật lý","OnTap","5"
"thu tu co bai kiem tra giua ky mon xac suat do nha","Giữa kỳ xc suất","Khac","3"
"thằng nào có đề test năm ngoái share tao với","Đề test năm ngoi","Khac","3"
"test online hay offline vay m","Hỏi hình thức test","Khac","3"
"hôm bữa cô dặn ôn bài gì để ktra v tụi m","Ôn bài kiểm tra","KiemTraThuongXuyen","3"
"tí tao bùng tiết nha ktra m nhắc t","Trốn tiết kiểm tra","KiemTraThuongXuyen","3"
"bai ktra hs2 mak de vkl tao 10 d r mn oi","Kiểm tra hệ số 2","KiemTraThuongXuyen","3"
"thay cho quiz tren lms a mn vào lm lẹ 5p nữa đóng","Quiz trên lms","KiemTraThuongXuyen","3"
"lsmf baif test chuwa day bro","Bài test","Khac","3"
"móa nó ktra 1 tiết mà cho mẹ 4 câu tự luận siêu khó","Kiểm tra 1 tiết","KiemTraThuongXuyen","5"
"tâm linh mách bảo mai thi vào câu 3","Thi cuối kỳ","ThiCuoiKy","3"
"đụ má rớt môn chắc luôm r thi gì khó như quỷ","Thi cuối kỳ","ThiCuoiKy","5"
"nay tao di thi mak mang sai but chì 2b đcm đen","Đi thi","ThiCuoiKy","3"
"lịch thi final của tao là nguyên tuần sau full đét","Lịch thi final","ThiCuoiKy","3"
"thi off t sợ vãi t thèm thi onl","Thi offline","ThiCuoiKy","3"
"m thi chung phòng 402 vs t pk","Thi phòng 402","ThiCuoiKy","3"
"mai thi djt cuj no mak d dau dam ngu","Thi ngày mai","ThiCuoiKy","3"
"xong môn này ăn nhậu xõa nha ae","Thi xong môn","ThiCuoiKy","3"
"ê thi dc mang máy tính casio zo ko m","Quy định phòng thi","ThiCuoiKy","3"
"dm thi vấn đáp t run như cầy sấy 🥶","Thi vấn đp","ThiCuoiKy","3"
"project team mình hqua review bị thầy chê quá tr 🥲","Review project","DuAn","3"
"ai rảnh vô docs edit lại giùm t mấy chỗ typo đi","Edit tài liệu docs","Khac","3"
"tuan sau present ma team ch ai lam gi la sao tui m","Thuyết trình nhóm","Khac","3"
"sếp bảo mai nộp plan cho project mới á ae","Nộp plan project","DuAn","3"
"tao lo phần design ui ux nha","Design ui ux","Khac","3"
"code chay dc roi ma deploy bi loi wtf","Deploy code","Khac","3"
"m làm ơn phản hồi tin nhắn group nha thg lol","Nhắn tin nhóm","Khac","3"
"thầy review bảo ý tưởng sáo rỗng ae nghĩ lại idea nhe","Brainstorm idea","Khac","3"
"chot kịch bản quay film vao toi thu 5 nhe","Chốt kịch bản","Khac","3"
"đồ án mn tự thân vận động nha t ốm k gánh dc r","Đồ n môn học","DuAn","3"
"cứu bé bài toán này với 🆘","Giải bài ton","Khac","3"
"tao ôn nãy h mờ cả mắt rồi ae ơi","Ôn bài tập","OnTap","3"
"dm học thuộc lòng 20 trang tết mới xong","Học thuộc lòng","Khac","3"
"mai m rảnh ko qua starbuck học chung đi","Học nhóm","Khac","3"
"có đứa nào có bí kíp qua môn ko share tớ xin","Bí kíp qua môn","OnTap","3"
"chiều ni đi thư viện cày đề nha m","Cày đề thư viện","Khac","3"
"học trc quên sau não cá vàng vl","Ôn tập bài","Khac","3"
"nay phai doc xong chuong 4 mai con hoc tiep chuong 5","Đọc chương 4","Khac","3"
"gấp sách lại và đi ngủ mai xem típ z","Ôn tập bài","Khac","5"
"ai rảnh call dọa dò bài t dc k m xao nhãng quá","Dò bài cũ","Khac","3"
"nho mua cho tao to xoi trc khi vao lop nhe","Mua đồ ăn sng","Khac","3"
"ae nộp đt lên bàn gvien nha","Nộp điện thoại","Khac","3"
"đóng tiền học phí hnay là hạn cuối nha ae","Ng học phí","Khac","3"
"thông báo dời lịch học bù sang sáng t7 nha","Lịch học bù","OnTap","3"
"nhớ mang giẻ lau bảng nha m","Mang giẻ lau","NhacNho","3"
"mang cccd di chup ki yeu nhe mn","Mang cccd","Khac","3"
"mai đi học mặc áo đoàn nha m","Mặc o đoàn","Khac","3"
"nho gui link gg meet vao nhom nhe","Gửi link meet","Khac","3"
"đừng quen lm khao sat cua khoa nha mk","Làm khảo st khoa","Khac","3"
"mng nhớ vote cho clb mik nhe","Vote cho clb","NhacNho","3"
"sáng mai ai rảnh cafe bệt k","Cafe buổi sng","Khac","3"
"tối tao k onl đâu đi chơi vs bồ r 😚","Đi chơi","Khac","3"
"co cho xe k tao wa ru ruoc roi di hoc chung","Đi nhờ xe","Khac","3"
"đm nhỏ kia nay mặc đồ xinh vl ae ạ","Chuyện phiếm","Khac","3"
"mượn 200k mai trả dc ko đg kẹt qá","Mượn tiền","Khac","3"
"hôm nay trg có ca nhạc j sập xình quá","Sự kiện trường","Khac","3"
"thang l nay ban hoai rep ib cham vl","Trch bạn","Khac","3"
"cho t xin in4 bạn nữ áo hồng ban nãy","Xin info","Khac","3"
"thẻ sv t rớt ở căn tin h ra méo thấy","Rớt thẻ sinh viên","Khac","5"
"tốn bao tiền vào cf học m k vào đc chữ nào","Đi cafe học","Khac","3"
"nay t nộp essay xong ăn mừng tưng bừng ln mn ơi","Nộp essay","Khac","3"
"đề cwong kho vãi lồn thầy gjan ác vc","Đề cương bài tập","Khac","3"
"mai deadline mà mik còn coi phim hàn nữa chứ","Chạy deadline","Khac","3"
"có pro code frontend nào giúp t pass bài này khum 😭","Code frontend","Khac","3"
"mng lam exercise 4 tren moodle ch","Exercise trên moodle","Khac","3"
"baof tbap nay de~ mak ae ko lam dc a","Bài tập dễ","Khac","3"
"hqa làm bài ko save nay phải gõ lại cay","Làm lại bài","Khac","3"
"chuẩn bị nộp hw 2 mng nhớ ktra lại đạo văn nha","Nộp homework 2","KiemTraThuongXuyen","3"
"mai kiểm tra roi mak t chua kip in de nua m co du de ko","Kiểm tra ngày mai","KiemTraThuongXuyen","3"
"bai nay ra trong quiz hqua roi tuc ghe t ko hoc","Câu hỏi trong quiz","KiemTraThuongXuyen","3"
"cô nói mai test 15p nhg hnay cô ốm z mai nghỉ hay vẫn test onl","Test 15p ngày mai","Khac","3"
"huhu điểm test 1 thấp quá mk phải cố kéo lại","Điểm test thấp","Khac","3"
"thu 6 ktra speaking 1-1 t xo qus m oi","Kiểm tra speaking","KiemTraThuongXuyen","3"
"toang roi tk tao chua dk mon thi dcm","Đăng ký thi","ThiCuoiKy","5"
"dm mai thi mac thay mo t run wa","Thi mc","ThiCuoiKy","3"
"lịch thi final của khoa m ra chưa","Lịch thi khoa","ThiCuoiKy","3"
"đợt này final chắc toàn trắc nghiệm th chứ tự luận t đứt","Thi trắc nghiệm","ThiCuoiKy","3"
"mô phật cho con thi qua môn này 10d k cần thiết","Thi qua môn","ThiCuoiKy","3"
"chot pj nha ae m lam word con lai t lam ppt","Chốt project","Khac","3"
"mng oi phan t lam t gui link drive r dzo ktra xem ok chua","Kiểm tra phần project","KiemTraThuongXuyen","3"
"tuần này team đi thực địa chụp ảnh lmm phóng sự nha","Đi thực địa","Khac","3"
"đóng máy đ ngủ mai làm đồ án tiếp đuối qá r","Làm đồ n","DuAn","3"
"nhóm bạn hùng hqua present dc cô khen qá chừng mik p cố lên","Thuyết trình nhóm","Khac","3"
"cuoi tuan cf on bai nhe t bi out trinh mon nay r","Cafe ôn bài","Khac","3"
"t ôn môn này dc 1 tiếng mà não load k nổi lun á đừ vãi","Ôn bài","OnTap","3"
"có đứa nào note bài đầy đủ ko cho tớ xin vs","Xin note bài","Khac","3"
"học onl nãy h buồn ngủ vãi chắc t bỏ môn này quá","Học online","OnTap","3"
"tổng kết lại chương 1 có ai ch hiểu khúc nào ko","Tổng kết chương 1","Khac","3"
"nhắc mng mai đi học đúng h thầy khó lắm khóa cửa đ cho vô","Đi học đúng giờ","Khac","5"
"quên mk wifi truong mng cho t xin lai","Xin mật khẩu wifi","Khac","3"
"nhớ up file lên thư mục share trc 12h đêm nha","Upload file","NhacNho","3"
"dặn dò nhẹ nhàng mai mặc áo thun trắng đi thực hành nha","Mặc o trắng","Khac","2"
"nhớ đem sạc theo lap top tao hết pin rồi","Mang sạc laptop","Khac","3"
"ai thay chiec chia khoa xe may t rớt đâu đ ko cứu tao vs","Rớt chìa khóa","Khac","5"
"đang bận vcl tụi m đi nhậu ko gọi 😡","Đang bận","Khac","3"
"thèm trà sữa quá ai bao k t kẹt tiền 🥹","Thèm trà sữa","Khac","3"
"thang nao an cap xe dap nha t ma k tra the dcm","Mất xe đạp","Khac","3"
"sáng nay căng tin hết mịe bánh bao ăn mì tôm nản vc","Hết đồ ăn","Khac","3"
"ông dáo dạy chán vl tao ngủ gật 2 lần r","Thầy gio dạy chn","OnTap","3"
"muộn 5p gvien đ đuổi nhg 6p là ổng bắt dọn vsinh m cân nhắc","Đi học trễ","Khac","3"
"nay t nghỉ phép nha bệnh ốm dặt dẹo r","Xin nghỉ phép","Khac","3"
"mới bị ny cắm sừng đ học hành mẹ j nx đi nhậu dzooo","Thất tình đi nhậu","Khac","3"
"alo ai biet nha xe d de o khu vuc nao ko m","Khu vực nhà xe","Khac","3"
"cai lz j the nay bug d fix dc đập máy luôn 🤬","Sửa bug","OnTap","3"
"bai assignment này ko nộp kịp chac ddc đi chăn bò","Làm assignment","BaiTap","3"
"tự nhiên cô cho bài bouns t mừng gớt nc mắt","Bài tập bonus","Khac","3"
"m làm hw môn dluật ch gửi m xem tham khảo m chả bít lm j","Homework luật","OnTap","3"
"mai lsmf bsai tấp á tao chua xem đề luon mak","Bài tập ngày mai","Khac","3"
"chưa bao h t thấy bài test trên lớp nhàn ntn haha","Bài test trên lớp","Khac","3"
"bai ktra cua mng nay ok k mk làm sai cmn câu cúi huhu","Kiểm tra hôm nay","KiemTraThuongXuyen","3"
"test anh văn bà cô gác gắt quá t d copy đc con me j","Test anh văn","Khac","3"
"đc 10đ bài kiểmtra tk nhỏ mừng húm mn ạ 😍","Điểm 10 kiểm tra","Khac","3"
"t d m m thj cck ak s ch hoc j m ranh the","Thi cuối kỳ","ThiCuoiKy","3"
"thi final mà t ngồi gãi đít từ đầu h tới cúi h","Thi final","ThiCuoiKy","3"
"đề thi này đ dnhf cho học sinh con người má ác dã man","Đề thi cuối kỳ","ThiCuoiKy","3"
"tao mớ dc cho pass đề thi m lấy ko 🤫","Pass đề thi","ThiCuoiKy","3"
"ôn thi ccc mai ra cf chơi r tối về cày đêm lun m","Ôn thi cuối kỳ","ThiCuoiKy","3"
"cái pj này t muốn đập đi xây lại mệt mỏi qá r ae","Làm project","Khac","3"
"chiều t3 họp group tóm tắt slide nha đ đi phạt 50k","Họp nhóm slide","Khac","3"
"nhóm 2 chả làm gì mà dcm chấm cao hơn team mk d cay","Điểm project","Khac","3"
"edit lmj cho dài cô bẻ bắt bẻ mệt m just make it simple","Edit bài project","Khac","4"
"kịch bản video pj môn xã hội mk ntn mn có ý kiến j hum","Kịch bản video","OnTap","3"
"ae thg onl luc may h dể hoc bai chung z","Học bài chung","Khac","3"
"mẹ nó bài học nhìu dã man t ngán tận cổ r 🤢","Học bài qu nhiều","Khac","3"
"có pro nào tổng hợp công thức vật lí đại cương phần quang hq chưa","Công thức vật lý","OnTap","3"
"tao k biết tsao tao ngu môn toán thế review lại vẫn ngu","Ôn môn ton","OnTap","3"
"cú t vs đng ôn bài khu trọ ngta hts kake um sùm đ nhét zo não nổi","Ôn bài khu trọ","OnTap","3"
"remind ai ch dki môn thì dki lẹ hệ thống cb sập r","Đăng ký môn học","OnTap","3"
"nhac ae la hom nay den h nop the do nha d quen d","Nộp thẻ sinh viên","Khac","3"
"khi đi nhớ tắt điện tắt quạt phg học mk ơi","Tắt điện phòng học","OnTap","3"
"ai dk tham gia seminar thi đk vs lp trg nha mng","Tham gia seminar","ThiCuoiKy","3"
"ae luu ý nay cô gác thi siêu siêu khó lmj nhớ cẩn thận","Lưu ý gc thi","ThiCuoiKy","5"
"bùn vl tự nhiến nay xe hư k đi dẩy d vs mng dc r","Xe hư","Khac","3"
"nhờ m mua tao ly cfe đen ko đg tao trả trc 50k hsau bù nha","Mua cà phê","Khac","3"
"chán d muốn học nữ m muốn bỏ hc vl","Chn học","Khac","3"
"trốn về trc ko ae chứ ngồi đít đau cmnr","Trốn học sớm","Khac","3"
"t đang nợ môn sml r m tính đi du lịch sao d dm","Nợ môn","OnTap","3"
"đi vệ sinh d có giấy cayyy d chịu dc ở dơ vcl trg","Nhà vệ sinh trường","Khac","3"
"lâu lắm mới dc đi bộ vòng trg mỏi cẳng qá mk ơi","Đi dạo trường","Khac","3"
"lập trình 1 là con môn quỷ dị đm nó cướp t 3 tr","Môn lập trình","OnTap","3"
"ko biết bao h mới giàu k p cắm mặt làm mấy cái test khỉ hó này nx","Than vãn làm test","Khac","3"
"nay lm bt vui vẻ vl d bị lỗi hnao 😍","Bài tập vui vẻ","BaiTap","3"
"dcm deadline lúc 12h trưa chứ k p 12h đêm toang cmnr 😭","Chạy deadline gấp","Khac","5"
"mày nộp bài chưa tao copy past nha lẹ lẹ ông kia check h","Copy bài nộp","OnTap","3"
"hqa đ có tgian lm bài lun đi lm thêm mệt quá dcm","Thời gian làm bài","Khac","3"
"t bt cach giai btoan nay roi de tao chi cho m hehe","Chỉ bài ton","BaiTap","3"
"nay cô cho test thu mà tao dc co 2d vcl","Test thử","Khac","3"
"sổ điểm danh dâu đưa t kí nốt nay có quiz đấy","Ký sổ điểm danh","KiemTraThuongXuyen","3"
"15p hay 45p v m sao tao nghe dua bao vay dua bao kia d hiểu j","Hỏi giờ kiểm tra","Khac","3"
"mk d lm kịp bài ktra m ơi h cô d cho nộp gòi s jo","Không nộp kịp bài","KiemTraThuongXuyen","3"
"toang r mai ktra r m tao di uong tsua d quan tam nx","Kiểm tra ngày mai","KiemTraThuongXuyen","5"
"tuần thi củ chuối này t thức tới 3h sag liên tục 2 ngày r mắt thâm quần ln","Thi cuối kỳ","ThiCuoiKy","3"
"mai mang thẻ sv đi ms dc vô phg thi nha tml tao nhắc r đấy","Mang thẻ sinh viên","ThiCuoiKy","3"
"mai thivđ mak m đ học m định cạp cứt à đm tk điên","Thi vấn đp","ThiCuoiKy","3"
"nay t dọn đồ về quê nha ae thi xong r xả stress thoyy","Thi xong về quê","ThiCuoiKy","3"
"có leak đề k ae xin leak đề t biêt tao ôm phật","Xin leak đề","ThiCuoiKy","3"
"sao code tao cứ error hoài thế này bưc vl ai team vô coi chung đi","Fix bug project","Khac","3"
"làm nốt cái slide nay đi mk mai r đi coi phim d thư gian j hệt","Làm slide thuyết trình","Khac","3"
"t thấy idea của thg a k khả thi cho prj mk đổi đề tài đ k","Đổi đề tài project","ThiCuoiKy","3"
"mai deadline d roi con ru tao di choi dkmm thg kia","Deadline project","Khac","3"
"mk chia tien in an pj ntn ae","Chia tiền in ấn","Khac","3"
"nay t bị nhức đầu qá d ôn vô nhung m nhớ dặn thầy gửi rec cho t nha","Học lại record","OnTap","3"
"đề cwong d j dài như sớ táo quân z chài ui","Đề cương qu dài","Khac","4"
"ai ranh call t t review ctruc cho","Call ôn tập","Khac","3"
"mai có buồi recap môn cơ sở dữ liệu á đi k m","Đi recap môn","OnTap","3"
"tao quên đem mẹ vở ôn rồi làm s học m cho t ngó xíu nha","Quên vở ôn","OnTap","3"
"nhắc mng d quên nộp 200k lệ phí thi t anh trc ngày 15/4 nghen","Ng lệ phí thi","ThiCuoiKy","3"
"ai hq nhầm áo khoác của t thì đem lên thư viện t lấy nha dcm lạnh qá","Lấy lại o khoc","Khac","3"
"hợp khoa 14h chiều mai mng ăn mặc lịch sự nha","Họp khoa","Khac","3"
"mng đ qên hnay p rep mail của sếp nhé","Rep email","Khac","3"
"đừg đê sếp nhắc nữa ae tóm tắt file lẹ","Tóm tắt file","Khac","3"
"Thứ 6 tuần sau kiểm tra 1 tiết Lý nha, khá khó.","Kiểm tra lý","KiemTraThuongXuyen","5"
"Tối nay nộp btl rồi, ai giúp mình với.","Bài tập lớn","BaiTap","3"
"Chị ơi, em chưa hiểu bài này.","Bài tập","Khac","3"
"chj ơi e k hiểu bài quiz tuần này 😐","Bài quiz","KiemTraThuongXuyen","3"
"ai giúp bài project với 😐","Bài project","DuAn","3"
"Tối nay ăn gì mày?","Tối nay ăn gì","Khac","3"
"Thầy dạy chán quá","Thầy dạy chn qu","Khac","3"
"Deadline bài essay là mai rồi, mà mình vẫn chưa viết xong 😓","Bài essay","Khac","3"
"nhóm mình làm prezentasion đến đâu rồi?","Bài trình bày","Khac","3"
"chị ơi e nộp report 20/10 đc k?","Bài report","Khac","3"
"bài này khó quá 😐","Bài tập","Khac","5"
"help coding với 😐","Bài coding","Khac","3"
"discusion forum tuần này làm gì v ạ?","Bài thảo luận","Khac","3"
"chưa làm hw 😐","Bài homework","Khac","3"
"help bài này với 😐","Bài tập","Khac","3"
"nhóm mình làm xong chưa 😐","Bài nhóm","Khac","3"
"coding khó quá 😐","Bài coding","Khac","5"
"chị ơi e cần help 😅","Bài tập","Khac","3"
"ai giúp e với 😐","Bài tập","Khac","3"
"bài này làm gì vậy ạ?","Bài tập","Khac","3"
"deadline là khi nào vậy?","Bài tập","Khac","3"
"e chưa làm xong 😐","Bài tập","Khac","3"
"help me 😐","Bài tập","Khac","3"
"chị ơi e nộp bài muộn đc k?","Bài tập","Khac","3"
"Tối nay đi chơi không?","Tối nay đi ch","OnTap","3"
"Thứ 6 tuần sau kiểm tra 1 tiết Hóa nha, khá dễ.","Kiểm tra hóa","KiemTraThuongXuyen","2"
"Chị ơi, em chưa hiểu bài này, giúp em với.","Bài tập","Khac","3"
"Thứ 6 tuần sau kiểm tra 1 tiết Sinh nha, khá khó.","Kiểm tra sinh","KiemTraThuongXuyen","5"
"Thứ 6 tuần sau kiểm tra 1 tiết Toán nha, khá dễ.","Kiểm tra ton","KiemTraThuongXuyen","2"
"Thứ 6 tuần sau kiểm tra 1 tiết Anh nha, khá khó.","Kiểm tra anh","KiemTraThuongXuyen","5"
"Tuần này có bài kiểm tra môn Lý, mình đang ôn lại nội dung chính.","Kiểm tra lý","KiemTraThuongXuyen","3"
"Deadline bài tập lớn môn Giải tích sắp tới, mình đang hoàn thiện phần cuối.","Bài tập lớn giải tích","ThiCuoiKy","3"
"Thi cuối kỳ môn Lập trình C đang đến gần, mình bắt đầu ôn từ hôm nay.","Thi cuối kỳ lập trình","ThiCuoiKy","3"
"Mình cần nộp báo cáo môn Vật lý thí nghiệm trước hạn, hiện đang hoàn thiện số liệu.","Bo co vật lý thí","ThiCuoiKy","3"
"Chiều mai kiểm tra Hóa đại cương, ai còn tài liệu ôn tập cho mình xin với.","Kiểm tra hóa đại cương","KiemTraThuongXuyen","3"
"Mình phải nộp bài tập lớn Mạng máy tính trong tuần này, ai rảnh review giúp mình không?","Bài tập lớn mạng my","BaiTap","3"
"Bài tập về nhà môn Đại số tuyến tính cần hoàn thành sớm để kịp hạn nộp.","Bài tập đại số tuyến","BaiTap","3"
"Thi giữa kỳ môn Giải tích 2 sắp diễn ra, mình đang ôn theo đề cương.","Thi giữa kỳ giải tích","ThiCuoiKy","3"
"Đồ án môn Kỹ thuật phần mềm còn nhiều việc chưa xong, nhóm mình đang chạy deadline.","Đồ n kỹ thuật phần","DuAn","3"
"Mình cần chuẩn bị cho bài kiểm tra Triết học, độ khó khá cao.","Kiểm tra triết học","KiemTraThuongXuyen","5"
"Môn Cơ sở dữ liệu thi cuối kỳ khá khó, cần ôn theo từng chương.","Thi cuối kỳ cơ sở","ThiCuoiKy","5"
"Nhóm mình cần nộp bài tập môn Quản trị học trong tuần này.","Bài tập nhóm quản trị","BaiTap","3"
"Tuần này có bài kiểm tra môn Toán cao cấp, mình đang ôn lại nội dung chính.","Kiểm tra ton cao cấp","KiemTraThuongXuyen","3"
"Báo cáo Hóa phân tích phải nộp trong tuần này, mình đang viết phần nhận xét.","Bo co hóa phân tích","ThiCuoiKy","3"
"Bài tập lớn môn Kỹ thuật phần mềm khá nặng, mình đang chia nhỏ công việc để làm dần.","Bài tập lớn kỹ thuật","BaiTap","3"
"Ai có đề cương thi cuối kỳ môn Máy điện cho mình xin tham khảo.","Thi cuối kỳ my điện","ThiCuoiKy","3"
"Mình chưa xong bài tập Xác suất thống kê, tối nay phải làm dứt điểm.","Bài tập xc suất thống","BaiTap","3"
"Chiều mai kiểm tra Pháp luật đại cương, ai còn tài liệu ôn tập cho mình xin với.","Kiểm tra php luật đại","KiemTraThuongXuyen","3"
"Deadline đồ án Thiết kế web đã gần, mình cần hoàn thiện phần demo.","Đồ n thiết kế web","ThiCuoiKy","3"
"Deadline bài tập lớn môn Kinh tế lượng sắp tới, mình đang hoàn thiện phần cuối.","Bài tập lớn kinh tế","ThiCuoiKy","3"
"Mình cần ôn gấp cho bài thi giữa kỳ Kinh tế vĩ mô, nội dung khá nhiều.","Thi giữa kỳ kinh tế","ThiCuoiKy","5"
"Bài tập nhóm Marketing đang thiếu một vài phần, cần họp nhóm gấp.","Bài tập nhóm marketing","ThiCuoiKy","5"
"Bài tập môn Giải tích số có vài câu khó, mình đang đối chiếu tài liệu.","Bài tập giải tích số","BaiTap","5"
"Thi cuối kỳ môn Sinh lý học đang đến gần, mình bắt đầu ôn từ hôm nay.","Thi cuối kỳ sinh lý","ThiCuoiKy","3"
"Thầy nhắc nộp báo cáo Hóa sinh, mình cần kiểm tra lại format trước khi gửi.","Bo co hóa sinh","ThiCuoiKy","3"
"Mình cần chuẩn bị cho bài kiểm tra Kinh tế vĩ mô, độ khó khá cao.","Kiểm tra kinh tế vĩ","KiemTraThuongXuyen","5"
"Đồ án môn Trí tuệ nhân tạo yêu cầu cả báo cáo và source, mình đang soạn lại tài liệu.","Đồ n trí tuệ nhân","DuAn","3"
"Bài tập về nhà môn Lập trình Java cần hoàn thành sớm để kịp hạn nộp.","Bài tập lập trình java","BaiTap","3"
"Đợt thi giữa kỳ môn Toán rời rạc khó hơn mình dự kiến, phải tập trung hơn.","Thi giữa kỳ ton rời","ThiCuoiKy","5"
"Thầy cô nhắc nộp bài tập nhóm Kế toán tài chính, mình đang tổng hợp nội dung.","Bài tập nhóm kế ton","BaiTap","3"
"Môn Giải phẫu học thi cuối kỳ khá khó, cần ôn theo từng chương.","Thi cuối kỳ giải phẫu","ThiCuoiKy","5"
"Mình cần nộp báo cáo môn Điện tử số trước hạn, hiện đang hoàn thiện số liệu.","Bo co điện tử số","ThiCuoiKy","3"
"Tuần này có bài kiểm tra môn Lịch sử Đảng, mình đang ôn lại nội dung chính.","Kiểm tra lịch sử đảng","KiemTraThuongXuyen","3"
"Mình phải nộp bài tập lớn Triết học Mác - Lênin trong tuần này, ai rảnh review giúp mình không?","Bài tập lớn triết học","BaiTap","3"
"Ai có đề cương thi cuối kỳ môn Phương trình vi phân cho mình xin tham khảo.","Thi cuối kỳ phương trình","ThiCuoiKy","3"
"Bài tập lớn môn Tâm lý học khá nặng, mình đang chia nhỏ công việc để làm dần.","Bài tập lớn tâm lý","BaiTap","3"
"Chiều mai kiểm tra Tiếng Anh, ai còn tài liệu ôn tập cho mình xin với.","Kiểm tra tiếng anh","KiemTraThuongXuyen","3"
"Đồ án môn Lập trình mobile còn nhiều việc chưa xong, nhóm mình đang chạy deadline.","Đồ n lập trình mobile","DuAn","3"
"Mình chưa xong bài tập Lập trình SQL, tối nay phải làm dứt điểm.","Bài tập lập trình sql","BaiTap","3"
"Thi giữa kỳ môn Tài chính doanh nghiệp sắp diễn ra, mình đang ôn theo đề cương.","Thi giữa kỳ tài chính","ThiCuoiKy","3"
"Báo cáo Cơ học kỹ thuật phải nộp trong tuần này, mình đang viết phần nhận xét.","Bo co cơ học kỹ","ThiCuoiKy","3"
"Mình cần chuẩn bị cho bài kiểm tra An toàn thông tin, độ khó khá cao.","Kiểm tra an toàn thông","KiemTraThuongXuyen","5"
"Deadline bài tập lớn môn Luật kinh tế sắp tới, mình đang hoàn thiện phần cuối.","Bài tập lớn luật kinh","ThiCuoiKy","3"
"Thi cuối kỳ môn Kỹ thuật số đang đến gần, mình bắt đầu ôn từ hôm nay.","Thi cuối kỳ kỹ thuật","ThiCuoiKy","3"
"Nhóm mình cần nộp bài tập môn Luật kinh tế trong tuần này.","Bài tập nhóm luật kinh","BaiTap","3"
"Bài tập môn Lập trình Prolog có vài câu khó, mình đang đối chiếu tài liệu.","Bài tập lập trình prolog","BaiTap","5"
"Mình cần ôn gấp cho bài thi giữa kỳ Toán cao cấp A3, nội dung khá nhiều.","Thi giữa kỳ ton cao","ThiCuoiKy","5"
"Thầy nhắc nộp báo cáo Vi xử lý, mình cần kiểm tra lại format trước khi gửi.","Bo co vi xử lý","ThiCuoiKy","3"
"Deadline đồ án Xử lý ảnh số đã gần, mình cần hoàn thiện phần demo.","Đồ n xử lý ảnh","ThiCuoiKy","3"
"Tuần này có bài kiểm tra môn Kỹ thuật nhiệt, mình đang ôn lại nội dung chính.","Kiểm tra kỹ thuật nhiệt","KiemTraThuongXuyen","3"
"Mình phải nộp bài tập lớn Truyền thông đa phương tiện trong tuần này, ai rảnh review giúp mình không?","Bài tập lớn truyền thông","BaiTap","3"
"Môn Động lực học thi cuối kỳ khá khó, cần ôn theo từng chương.","Thi cuối kỳ động lực","ThiCuoiKy","5"
"Bài tập về nhà môn Phân tích mạch điện cần hoàn thành sớm để kịp hạn nộp.","Bài tập phân tích mạch","BaiTap","3"
"Chiều mai kiểm tra Lý, ai còn tài liệu ôn tập cho mình xin với.","Kiểm tra lý","KiemTraThuongXuyen","3"
"Mình cần nộp báo cáo môn Điện lạnh trước hạn, hiện đang hoàn thiện số liệu.","Bo co điện lạnh","ThiCuoiKy","3"
"Đợt thi giữa kỳ môn Vật lý 2 khó hơn mình dự kiến, phải tập trung hơn.","Thi giữa kỳ vật lý","ThiCuoiKy","5"
"Bài tập nhóm Thống kê ứng dụng đang thiếu một vài phần, cần họp nhóm gấp.","Bài tập nhóm thống kê","ThiCuoiKy","5"
"Mình chưa xong bài tập Hệ thống nhúng, tối nay phải làm dứt điểm.","Bài tập hệ thống nhúng","BaiTap","3"
"Mình cần chuẩn bị cho bài kiểm tra Hóa đại cương, độ khó khá cao.","Kiểm tra hóa đại cương","KiemTraThuongXuyen","5"
"Đồ án môn Mạng no-ron nhân tạo yêu cầu cả báo cáo và source, mình đang soạn lại tài liệu.","Đồ n mạng no-ron nhân","DuAn","3"
"Bài tập lớn môn Văn hóa doanh nghiệp khá nặng, mình đang chia nhỏ công việc để làm dần.","Bài tập lớn văn hóa","BaiTap","3"
"Ai có đề cương thi cuối kỳ môn Kế toán quản trị cho mình xin tham khảo.","Thi cuối kỳ kế ton","ThiCuoiKy","3"
"Bài tập môn Kiến trúc máy tính có vài câu khó, mình đang đối chiếu tài liệu.","Bài tập kiến trúc my","BaiTap","5"
"Tuần này có bài kiểm tra môn Triết học, mình đang ôn lại nội dung chính.","Kiểm tra triết học","KiemTraThuongXuyen","3"
"Thầy cô nhắc nộp bài tập nhóm Phân tích thiết kế hệ thống, mình đang tổng hợp nội dung.","Bài tập nhóm phân tích","ThiCuoiKy","3"
"Thi giữa kỳ môn Kỹ thuật điện sắp diễn ra, mình đang ôn theo đề cương.","Thi giữa kỳ kỹ thuật","ThiCuoiKy","3"
"Báo cáo Vật liệu xây dựng phải nộp trong tuần này, mình đang viết phần nhận xét.","Bo co vật liệu xây","ThiCuoiKy","3"
"Thi cuối kỳ môn Nguyên lý máy đang đến gần, mình bắt đầu ôn từ hôm nay.","Thi cuối kỳ nguyên lý","ThiCuoiKy","3"
"Deadline bài tập lớn môn Lý thuyết thông tin sắp tới, mình đang hoàn thiện phần cuối.","Bài tập lớn lý thuyết","ThiCuoiKy","3"
"Mình phải nộp bài tập lớn Giải tích trong tuần này, ai rảnh review giúp mình không?","Bài tập lớn giải tích","BaiTap","3"
"Chiều mai kiểm tra Toán cao cấp, ai còn tài liệu ôn tập cho mình xin với.","Kiểm tra ton cao cấp","KiemTraThuongXuyen","3"
"Bài tập về nhà môn Lý thuyết xác suất cần hoàn thành sớm để kịp hạn nộp.","Bài tập lý thuyết xc","BaiTap","3"
"Môn Lập trình C thi cuối kỳ khá khó, cần ôn theo từng chương.","Thi cuối kỳ lập trình","ThiCuoiKy","5"
"Đồ án môn Phát triển ứng dụng web còn nhiều việc chưa xong, nhóm mình đang chạy deadline.","Đồ n pht triển ứng","DuAn","3"
"Mình cần ôn gấp cho bài thi giữa kỳ Sinh thái học môi trường, nội dung khá nhiều.","Thi giữa kỳ sinh thi","ThiCuoiKy","5"
"Thầy nhắc nộp báo cáo Điều dưỡng cơ bản, mình cần kiểm tra lại format trước khi gửi.","Bo co điều dưỡng cơ","ThiCuoiKy","3"
"Nhóm mình cần nộp bài tập môn Tài chính quốc tế trong tuần này.","Bài tập nhóm tài chính","BaiTap","3"
"Mình cần chuẩn bị cho bài kiểm tra Pháp luật đại cương, độ khó khá cao.","Kiểm tra php luật đại","KiemTraThuongXuyen","5"
"Ai có đề cương thi cuối kỳ môn Cơ sở dữ liệu cho mình xin tham khảo.","Thi cuối kỳ cơ sở","ThiCuoiKy","3"
"Mình chưa xong bài tập Đại số tuyến tính, tối nay phải làm dứt điểm.","Bài tập đại số tuyến","BaiTap","3"
"Deadline đồ án Điều khiển tự động đã gần, mình cần hoàn thiện phần demo.","Đồ n điều khiển tự","ThiCuoiKy","3"
"Tuần này có bài kiểm tra môn Kinh tế vĩ mô, mình đang ôn lại nội dung chính.","Kiểm tra kinh tế vĩ","KiemTraThuongXuyen","3"
"Đợt thi giữa kỳ môn Nguyên lý kế toán khó hơn mình dự kiến, phải tập trung hơn.","Thi giữa kỳ nguyên lý","ThiCuoiKy","5"
"Bài tập lớn môn Mạng máy tính khá nặng, mình đang chia nhỏ công việc để làm dần.","Bài tập lớn mạng my","BaiTap","3"
"Mình cần nộp báo cáo môn Thực tập tốt nghiệp trước hạn, hiện đang hoàn thiện số liệu.","Bo co thực tập tốt","ThiCuoiKy","3"
"Chiều mai kiểm tra Lịch sử Đảng, ai còn tài liệu ôn tập cho mình xin với.","Kiểm tra lịch sử đảng","KiemTraThuongXuyen","3"
"Đồ án môn Hệ thống thông tin quản lý yêu cầu cả báo cáo và source, mình đang soạn lại tài liệu.","Đồ n hệ thống thông","DuAn","3"
"Thi cuối kỳ môn Máy điện đang đến gần, mình bắt đầu ôn từ hôm nay.","Thi cuối kỳ my điện","ThiCuoiKy","3"
"Bài tập môn Xác suất thống kê có vài câu khó, mình đang đối chiếu tài liệu.","Bài tập xc suất thống","BaiTap","5"
"Mình cần chuẩn bị cho bài kiểm tra Tiếng Anh, độ khó khá cao.","Kiểm tra tiếng anh","KiemTraThuongXuyen","5"
"Deadline bài tập lớn môn Kỹ thuật phần mềm sắp tới, mình đang hoàn thiện phần cuối.","Bài tập lớn kỹ thuật","ThiCuoiKy","3"
"Thi giữa kỳ môn Tiếng Anh 3 sắp diễn ra, mình đang ôn theo đề cương.","Thi giữa kỳ tiếng anh","ThiCuoiKy","3"
"Báo cáo Vật lý thí nghiệm phải nộp trong tuần này, mình đang viết phần nhận xét.","Bo co vật lý thí","ThiCuoiKy","3"
"Bài tập nhóm Nghiên cứu thị trường đang thiếu một vài phần, cần họp nhóm gấp.","Bài tập nhóm nghiên cứu","ThiCuoiKy","5"
"Tuần này có bài kiểm tra môn An toàn thông tin, mình đang ôn lại nội dung chính.","Kiểm tra an toàn thông","KiemTraThuongXuyen","3"
"Đồ án môn Công nghệ phần mềm còn nhiều việc chưa xong, nhóm mình đang chạy deadline.","Đồ n công nghệ phần","DuAn","3"
"Môn Sinh lý học thi cuối kỳ khá khó, cần ôn theo từng chương.","Thi cuối kỳ sinh lý","ThiCuoiKy","5"
"Bài tập về nhà môn Giải tích số cần hoàn thành sớm để kịp hạn nộp.","Bài tập giải tích số","BaiTap","3"
"Chiều mai kiểm tra Kỹ thuật nhiệt, ai còn tài liệu ôn tập cho mình xin với.","Kiểm tra kỹ thuật nhiệt","KiemTraThuongXuyen","3"
"Mình cần ôn gấp cho bài thi giữa kỳ Giải tích 2, nội dung khá nhiều.","Thi giữa kỳ giải tích","ThiCuoiKy","5"
"Mình phải nộp bài tập lớn Kinh tế lượng trong tuần này, ai rảnh review giúp mình không?","Bài tập lớn kinh tế","BaiTap","3"
"Deadline đồ án Kỹ thuật phần mềm đã gần, mình cần hoàn thiện phần demo.","Đồ n kỹ thuật phần","ThiCuoiKy","3"
"Mình cần chuẩn bị cho bài kiểm tra Lý, độ khó khá cao.","Kiểm tra lý","KiemTraThuongXuyen","5"
"Thầy nhắc nộp báo cáo Hóa phân tích, mình cần kiểm tra lại format trước khi gửi.","Bo co hóa phân tích","ThiCuoiKy","3"
"Ai có đề cương thi cuối kỳ môn Giải phẫu học cho mình xin tham khảo.","Thi cuối kỳ giải phẫu","ThiCuoiKy","3"
"Thầy cô nhắc nộp bài tập nhóm Tâm lý khách hàng, mình đang tổng hợp nội dung.","Bài tập nhóm tâm lý","BaiTap","3"
"Tuần này có bài kiểm tra môn Hóa đại cương, mình đang ôn lại nội dung chính.","Kiểm tra hóa đại cương","KiemTraThuongXuyen","3"
"Mình chưa xong bài tập Lập trình Java, tối nay phải làm dứt điểm.","Bài tập lập trình java","BaiTap","3"
"Đợt thi giữa kỳ môn Kinh tế vĩ mô khó hơn mình dự kiến, phải tập trung hơn.","Thi giữa kỳ kinh tế","ThiCuoiKy","5"
"Bài tập lớn môn Triết học Mác - Lênin khá nặng, mình đang chia nhỏ công việc để làm dần.","Bài tập lớn triết học","BaiTap","3"
"Chiều mai kiểm tra Triết học, ai còn tài liệu ôn tập cho mình xin với.","Kiểm tra triết học","KiemTraThuongXuyen","3"
"Mình cần nộp báo cáo môn Hóa sinh trước hạn, hiện đang hoàn thiện số liệu.","Bo co hóa sinh","ThiCuoiKy","3"
"Đồ án môn Thiết kế web yêu cầu cả báo cáo và source, mình đang soạn lại tài liệu.","Đồ n thiết kế web","ThiCuoiKy","3"
"Thi cuối kỳ môn Phương trình vi phân đang đến gần, mình bắt đầu ôn từ hôm nay.","Thi cuối kỳ phương trình","ThiCuoiKy","3"
"Deadline bài tập lớn môn Tâm lý học sắp tới, mình đang hoàn thiện phần cuối.","Bài tập lớn tâm lý","ThiCuoiKy","3"
"Mình cần chuẩn bị cho bài kiểm tra Toán cao cấp, độ khó khá cao.","Kiểm tra ton cao cấp","KiemTraThuongXuyen","5"
"Đồ án môn Trí tuệ nhân tạo còn nhiều việc chưa xong, nhóm mình đang chạy deadline.","Đồ n trí tuệ nhân","DuAn","3"
"Báo cáo Điện tử số phải nộp trong tuần này, mình đang viết phần nhận xét.","Bo co điện tử số","ThiCuoiKy","3"
"Thi giữa kỳ môn Toán rời rạc sắp diễn ra, mình đang ôn theo đề cương.","Thi giữa kỳ ton rời","ThiCuoiKy","3"
"Mình phải nộp bài tập lớn Luật kinh tế trong tuần này, ai rảnh review giúp mình không?","Bài tập lớn luật kinh","BaiTap","3"
"Tuần này có bài kiểm tra môn Pháp luật đại cương, mình đang ôn lại nội dung chính.","Kiểm tra php luật đại","KiemTraThuongXuyen","3"
"Bài tập lớn môn Truyền thông đa phương tiện khá nặng, mình đang chia nhỏ công việc để làm dần.","Bài tập lớn truyền thông","BaiTap","3"
"Môn Kỹ thuật số thi cuối kỳ khá khó, cần ôn theo từng chương.","Thi cuối kỳ kỹ thuật","ThiCuoiKy","5"
"Bài tập môn Lập trình SQL có vài câu khó, mình đang đối chiếu tài liệu.","Bài tập lập trình sql","BaiTap","5"
"Deadline đồ án Lập trình mobile đã gần, mình cần hoàn thiện phần demo.","Đồ n lập trình mobile","ThiCuoiKy","3"
"Chiều mai kiểm tra Kinh tế vĩ mô, ai còn tài liệu ôn tập cho mình xin với.","Kiểm tra kinh tế vĩ","KiemTraThuongXuyen","3"
"Ai có đề cương thi cuối kỳ môn Động lực học cho mình xin tham khảo.","Thi cuối kỳ động lực","ThiCuoiKy","3"
"Deadline bài tập lớn môn Văn hóa doanh nghiệp sắp tới, mình đang hoàn thiện phần cuối.","Bài tập lớn văn hóa","ThiCuoiKy","3"
"Mình cần chuẩn bị cho bài kiểm tra Lịch sử Đảng, độ khó khá cao.","Kiểm tra lịch sử đảng","KiemTraThuongXuyen","5"
"Mình phải nộp bài tập lớn Lý thuyết thông tin trong tuần này, ai rảnh review giúp mình không?","Bài tập lớn lý thuyết","BaiTap","3"
"Mình cần ôn gấp cho bài thi giữa kỳ Tài chính doanh nghiệp, nội dung khá nhiều.","Thi giữa kỳ tài chính","ThiCuoiKy","5"
"Thầy nhắc nộp báo cáo Cơ học kỹ thuật, mình cần kiểm tra lại format trước khi gửi.","Bo co cơ học kỹ","ThiCuoiKy","3"
"Bài tập lớn môn Giải tích khá nặng, mình đang chia nhỏ công việc để làm dần.","Bài tập lớn giải tích","BaiTap","3"
"Tuần này có bài kiểm tra môn Tiếng Anh, mình đang ôn lại nội dung chính.","Kiểm tra tiếng anh","KiemTraThuongXuyen","3"
"Đợt thi giữa kỳ môn Toán cao cấp A3 khó hơn mình dự kiến, phải tập trung hơn.","Thi giữa kỳ ton cao","ThiCuoiKy","5"
"Đồ án môn Xử lý ảnh số yêu cầu cả báo cáo và source, mình đang soạn lại tài liệu.","Đồ n xử lý ảnh","DuAn","3"
"Chiều mai kiểm tra An toàn thông tin, ai còn tài liệu ôn tập cho mình xin với.","Kiểm tra an toàn thông","KiemTraThuongXuyen","3"
"Bài tập về nhà môn Lập trình Prolog cần hoàn thành sớm để kịp hạn nộp.","Bài tập lập trình prolog","BaiTap","3"
"Thi cuối kỳ môn Kế toán quản trị đang đến gần, mình bắt đầu ôn từ hôm nay.","Thi cuối kỳ kế ton","ThiCuoiKy","3"
"Nhóm mình cần nộp bài tập môn Hành vi tổ chức trong tuần này.","Bài tập nhóm hành vi","BaiTap","3"
"Thi giữa kỳ môn Vật lý 2 sắp diễn ra, mình đang ôn theo đề cương.","Thi giữa kỳ vật lý","ThiCuoiKy","3"
"Mình cần nộp báo cáo môn Vi xử lý trước hạn, hiện đang hoàn thiện số liệu.","Bo co vi xử lý","ThiCuoiKy","3"
"Mình cần chuẩn bị cho bài kiểm tra Kỹ thuật nhiệt, độ khó khá cao.","Kiểm tra kỹ thuật nhiệt","KiemTraThuongXuyen","5"
"Đồ án môn Mạng no-ron nhân tạo còn nhiều việc chưa xong, nhóm mình đang chạy deadline.","Đồ n mạng no-ron nhân","DuAn","3"
"Mình cần ôn gấp cho bài thi giữa kỳ Kỹ thuật điện, nội dung khá nhiều.","Thi giữa kỳ kỹ thuật","ThiCuoiKy","5"
"Mình chưa xong bài tập Phân tích mạch điện, tối nay phải làm dứt điểm.","Bài tập phân tích mạch","BaiTap","3"
"Deadline đồ án Phát triển ứng dụng web đã gần, mình cần hoàn thiện phần demo.","Đồ n pht triển ứng","ThiCuoiKy","3"
"Môn Nguyên lý máy thi cuối kỳ khá khó, cần ôn theo từng chương.","Thi cuối kỳ nguyên lý","ThiCuoiKy","5"
"Deadline bài tập lớn môn Mạng máy tính sắp tới, mình đang hoàn thiện phần cuối.","Bài tập lớn mạng my","ThiCuoiKy","3"
"Bài tập môn Hệ thống nhúng có vài câu khó, mình đang đối chiếu tài liệu.","Bài tập hệ thống nhúng","BaiTap","5"
"Đợt thi giữa kỳ môn Sinh thái học môi trường khó hơn mình dự kiến, phải tập trung hơn.","Thi giữa kỳ sinh thi","ThiCuoiKy","5"
"Mình phải nộp bài tập lớn Kỹ thuật phần mềm trong tuần này, ai rảnh review giúp mình không?","Bài tập lớn kỹ thuật","BaiTap","3"
"Thi giữa kỳ môn Nguyên lý kế toán sắp diễn ra, mình đang ôn theo đề cương.","Thi giữa kỳ nguyên lý","ThiCuoiKy","3"
"Báo cáo Điện lạnh phải nộp trong tuần này, mình đang viết phần nhận xét.","Bo co điện lạnh","ThiCuoiKy","3"
"Đồ án môn Điều khiển tự động yêu cầu cả báo cáo và source, mình đang soạn lại tài liệu.","Đồ n điều khiển tự","DuAn","3"
"Ai có đề cương thi cuối kỳ môn Lập trình C cho mình xin tham khảo.","Thi cuối kỳ lập trình","ThiCuoiKy","3"
"Bài tập về nhà môn Kiến trúc máy tính cần hoàn thành sớm để kịp hạn nộp.","Bài tập kiến trúc my","BaiTap","3"
"Bài tập lớn môn Kinh tế lượng khá nặng, mình đang chia nhỏ công việc để làm dần.","Bài tập lớn kinh tế","BaiTap","3"
"Mình cần ôn gấp cho bài thi giữa kỳ Tiếng Anh 3, nội dung khá nhiều.","Thi giữa kỳ tiếng anh","ThiCuoiKy","5"
"Thầy nhắc nộp báo cáo Vật liệu xây dựng, mình cần kiểm tra lại format trước khi gửi.","Bo co vật liệu xây","ThiCuoiKy","3"
"Đồ án môn Hệ thống thông tin quản lý còn nhiều việc chưa xong, nhóm mình đang chạy deadline.","Đồ n hệ thống thông","DuAn","3"
"Thi cuối kỳ môn Cơ sở dữ liệu đang đến gần, mình bắt đầu ôn từ hôm nay.","Thi cuối kỳ cơ sở","ThiCuoiKy","3"
"Deadline bài tập lớn môn Triết học Mác - Lênin sắp tới, mình đang hoàn thiện phần cuối.","Bài tập lớn triết học","ThiCuoiKy","3"
"Môn Máy điện thi cuối kỳ khá khó, cần ôn theo từng chương.","Thi cuối kỳ my điện","ThiCuoiKy","5"
"Mình chưa xong bài tập Lý thuyết xác suất, tối nay phải làm dứt điểm.","Bài tập lý thuyết xc","BaiTap","3"
"Đợt thi giữa kỳ môn Giải tích 2 khó hơn mình dự kiến, phải tập trung hơn.","Thi giữa kỳ giải tích","ThiCuoiKy","5"
"Mình phải nộp bài tập lớn Tâm lý học trong tuần này, ai rảnh review giúp mình không?","Bài tập lớn tâm lý","BaiTap","3"
"Deadline đồ án Công nghệ phần mềm đã gần, mình cần hoàn thiện phần demo.","Đồ n công nghệ phần","ThiCuoiKy","3"
"Bài tập môn Đại số tuyến tính có vài câu khó, mình đang đối chiếu tài liệu.","Bài tập đại số tuyến","BaiTap","5"
"Ai có đề cương thi cuối kỳ môn Sinh lý học cho mình xin tham khảo.","Thi cuối kỳ sinh lý","ThiCuoiKy","3"
"Tối nay ăn gì đây, mọi người gợi ý món ngon với.","Nhiệm vụ học tập","Khac","3"
"Hôm nay học căng quá, mình muốn nghỉ xả hơi một chút.","Nhiệm vụ học tập","Khac","3"
"Cuối tuần này ai đi cà phê không, mình đang rảnh.","Nhiệm vụ học tập","OnTap","3"
"Mình vừa xem một bộ phim hay, tối nay ai xem chung không?","Nhiệm vụ học tập","OnTap","3"
"Hôm nay canteen đông quá, chắc mình ra ngoài ăn cho nhanh.","Nhiệm vụ học tập","OnTap","3"
"Mọi người có biết quán trà sữa nào gần trường ngon không?","Nhiệm vụ học tập","OnTap","3"
"Học kỳ này nhiều môn quá, cảm giác hơi quá tải.","Nhiệm vụ học tập","OnTap","3"
"Ai có meme mới không, gửi mình xem với cho đỡ căng thẳng.","Nhiệm vụ học tập","OnTap","3"
"Mình đang tìm chỗ học nhóm yên tĩnh, ai gợi ý giúp mình.","Nhiệm vụ học tập","Khac","3"
"Tuần này mưa liên tục, đi lại bất tiện ghê.","Nhiệm vụ học tập","Khac","3"
"Bài tập nhóm Quản trị học đang thiếu một vài phần, cần họp nhóm gấp.","Bài tập nhóm quản trị","ThiCuoiKy","5"
"Thầy cô nhắc nộp bài tập nhóm Marketing, mình đang tổng hợp nội dung.","Bài tập nhóm marketing","BaiTap","3"
"Nhóm mình cần nộp bài tập môn Kế toán tài chính trong tuần này.","Bài tập nhóm kế ton","BaiTap","3"
"Thi cuối kỳ môn Giải phẫu học đang đến gần, mình bắt đầu ôn từ hôm nay.","Thi cuối kỳ giải phẫu","ThiCuoiKy","3"
"Tuần tới có bài tập lớn môn Giải tích nộp rồi nha mấy bạn, đề khó lắm.","Bài tập lớn giải tích","BaiTap","5"
"Nhớ làm bài tập về nhà môn Lập trình C++ trang 45 nha, dễ thôi.","Bài tập lập trình c++","BaiTap","2"
"Thứ 3 tuần này thi giữa kỳ môn Kinh tế vi mô, ôn kỹ chương 3 và 4 nha.","Thi giữa kỳ kinh tế","ThiCuoiKy","3"
"Hôm nay phải nộp báo cáo thực hành Hóa đại cương nhóm 2 rồi đó.","Bo co thực hành hóa","DuAn","3"
"Cuối tuần này thuyết trình môn Marketing, nhóm mình chuẩn bị kỹ vào nha.","Thuyết trình marketing","DuAn","3"
"Thầy dặn làm bài tập chương 5 môn Xác suất thống kê, nộp thứ 4 tuần sau.","Bài tập xc suất thống","BaiTap","3"
"Thi cuối kỳ môn Triết học ngày 15 tháng 12, phần thi tự luận khó lắm.","Thi cuối kỳ triết học","ThiCuoiKy","5"
"Cô nhắc làm tiểu luận môn Văn học nộp trước ngày 20 tháng này nha.","Tiểu luận văn học","DuAn","3"
"Bài tập nhóm môn Kỹ năng mềm hạn nộp thứ 6, nhóm mình làm slide đi nha.","Bài tập nhóm kỹ năng","BaiTap","3"
"Thứ 2 tuần sau kiểm tra 15 phút môn Anh văn chuyên ngành, ôn Unit 3 với 4 nha.","Kiểm tra anh văn chuyên","KiemTraThuongXuyen","3"
"Bài lab môn Mạng máy tính nộp cuối tuần này, cấu hình router đó mấy bạn.","Bài lab mạng my tính","BaiTap","3"
"Nhóm mình còn thiếu phần kết luận báo cáo đồ án môn Cơ sở dữ liệu, hoàn thiện trước thứ 5.","Bo co đồ n cơ","ThiCuoiKy","3"
"Thi lại môn Vật lý đại cương vào tuần sau, lần này phải qua mới được nha.","Thi lại vật lý đại","ThiCuoiKy","3"
"Bài tập phần Tích phân môn Toán cao cấp B2 hạn nộp thứ 3, làm từ bài 1 đến bài 10.","Bài tập ton cao cấp","BaiTap","3"
"Thứ 5 này nộp đồ án môn Lập trình hướng đối tượng, nhóm mình code xong phần giao diện rồi nha.","Đồ n lập trình hướng","DuAn","3"
"Cô Hương nhắc cả lớp bài kiểm tra giữa kỳ môn Kế toán tài chính vào thứ 2 tuần 10.","Thi giữa kỳ kế ton","ThiCuoiKy","3"
"Nhóm báo cáo môn Quản trị học tuần sau, mình phụ trách phần phân tích SWOT nha.","Bo co quản trị học","DuAn","3"
"Bài tập lập trình Python chương 7 nộp thứ 6, làm phần xử lý chuỗi.","Bài tập lập trình python","BaiTap","3"
"Thi cuối kỳ môn Cấu trúc dữ liệu và giải thuật ngày 18/12, ôn phần cây và đồ thị kỹ.","Thi cuối kỳ cấu trúc","ThiCuoiKy","3"
"Nộp báo cáo thực tập tốt nghiệp trước 10/01 nha, định dạng theo mẫu khoa yêu cầu.","Bo co thực tập tốt","DuAn","3"
"Thầy ra đề tiểu luận môn Luật thương mại, chọn 1 trong 5 đề, nộp cuối tháng 11.","Tiểu luận luật thương mại","DuAn","3"
"Bài tập nhóm môn Tâm lý học hạn thứ 4, nhóm mình còn thiếu phần dẫn chứng thực tế.","Bài tập nhóm tâm lý","ThiCuoiKy","3"
"Kiểm tra 1 tiết môn Địa lý kinh tế thứ 3 tuần này, ôn từ chương 1 đến chương 4.","Kiểm tra địa lý kinh","KiemTraThuongXuyen","3"
"Đồ án môn Kỹ thuật phần mềm nộp cuối học kỳ, bảo vệ dự kiến tuần 17.","Đồ n kỹ thuật phần","DuAn","3"
"Thứ 4 tuần này nộp bài luận phân tích tác phẩm môn Ngữ văn đại cương, dài tối thiểu 1500 từ.","Bài luận ngữ văn đại","ThiCuoiKy","4"
"Bài kiểm tra thực hành môn Tin học đại cương tuần sau, ôn Excel và Word nha các bạn.","Kiểm tra thực hành tin","KiemTraThuongXuyen","3"
"Nhóm mình thuyết trình môn Phương pháp nghiên cứu khoa học thứ 5, nộp slide trước hôm đó.","Thuyết trình phương php nckh","DuAn","3"
"Thi lại môn Toán rời rạc đợt này phải ôn kỹ phần logic và lý thuyết đồ thị.","Thi lại ton rời rạc","ThiCuoiKy","3"
"Báo cáo thí nghiệm Vật lý buổi 3 nộp trước 17h thứ 6 nha, viết đủ phần xử lý số liệu.","Bo co thí nghiệm vật","DuAn","3"
"Thứ 2 tới nộp bài tập lớn môn Lý thuyết xác suất, làm phần bài toán Bayes đó.","Bài tập lớn lý thuyết","BaiTap","3"
"Kiểm tra giữa kỳ môn Hệ điều hành vào tuần 8, ôn phần quản lý tiến trình và bộ nhớ.","Thi giữa kỳ hệ điều","ThiCuoiKy","3"
"Cô dặn làm bài tập phần đạo hàm hàm nhiều biến môn Giải tích 2 nộp thứ 4.","Bài tập giải tích 2","BaiTap","3"
"Đồ án cuối kỳ môn An toàn thông tin bảo vệ tuần 16, nhóm mình làm chủ đề mã hóa AES.","Đồ n an toàn thông","ThiCuoiKy","3"
"Bài tập thực hành môn Kiến trúc máy tính làm mạch tổ hợp nộp thứ 5 tuần này.","Bài tập thực hành kiến","BaiTap","3"
"Bài tập lớn môn Nhập môn lập trình nộp thứ 3 tuần 11, làm game đoán số bằng C.","Bài tập lớn nhập môn","BaiTap","3"
"Kiểm tra thường xuyên môn Sinh học đại cương thứ 4 này, ôn chương tế bào và di truyền.","Kiểm tra sinh học đại","KiemTraThuongXuyen","3"
"Nhóm mình còn nợ phần kết quả thực nghiệm báo cáo đồ án, nộp thứ 6 tuần tới nha.","Bo co đồ n","DuAn","3"
"Thầy ra bài tập phần hàm số mũ và logarit môn Toán B1, hạn nộp thứ 3.","Bài tập ton b1","BaiTap","3"
"Thi giữa kỳ môn Lý thuyết đồ thị vào cuối tuần 9, trọng tâm phần BFS và DFS.","Thi giữa kỳ lý thuyết","ThiCuoiKy","3"
"Tiểu luận môn Triết học Mác - Lênin nộp tuần 13, đề tài về biện chứng duy vật.","Tiểu luận triết học mc","DuAn","3"
"Bài tập phần lập trình socket môn Lập trình mạng nộp thứ 4, làm cả client và server.","Bài tập lập trình mạng","BaiTap","3"
"Cô thông báo kiểm tra 1 tiết môn Kỹ năng thuyết trình tuần 7, mỗi bạn nói 3 phút về chủ đề tự chọn.","Kiểm tra kỹ năng thuyết","KiemTraThuongXuyen","3"
"Bài tập về nhà môn Điện tử cơ bản làm mạch chỉnh lưu, nộp kèm báo cáo vào thứ 6.","Bài tập điện tử cơ","BaiTap","3"
"Đồ án môn Trí tuệ nhân tạo nhóm mình chọn đề tài nhận diện khuôn mặt, hạn cuối tuần 15.","Đồ n trí tuệ nhân","DuAn","3"
"Thứ 3 tuần sau kiểm tra 1 tiết môn Hóa phân tích, ôn kỹ phương pháp chuẩn độ.","Kiểm tra hóa phân tích","KiemTraThuongXuyen","3"
"Nhóm tụi mình làm báo cáo môn Xã hội học, phần khảo sát phải có ít nhất 50 mẫu.","Bo co xã hội học","DuAn","3"
"Bài tập lớn môn Nguyên lý máy tính phải nộp tuần 12, thầy yêu cầu mô phỏng pipeline.","Bài tập lớn nguyên lý","BaiTap","3"
"Tiểu luận môn Lịch sử Đảng hạn nộp ngày 25, viết về giai đoạn 1930-1945.","Tiểu luận lịch sử đảng","DuAn","3"
"Thứ 6 này thuyết trình nhóm môn Quản lý dự án, mình làm phần lập WBS đó.","Thuyết trình quản lý dự","DuAn","3"
"Bài tập thực hành môn Vi điều khiển tuần này lập trình LED nhấp nháy, nộp file code thứ 4.","Bài tập vi điều khiển","BaiTap","3"
"Kiểm tra 15 phút môn Cơ học kỹ thuật đầu giờ thứ 5, ôn phần tĩnh học cân bằng.","Kiểm tra cơ học kỹ","KiemTraThuongXuyen","3"
"Kiểm tra 1 tiết môn Vật lý 2 thứ 4 tuần sau, ôn kỹ phần điện từ trường nha.","Kiểm tra vật lý 2","KiemTraThuongXuyen","3"
"Bài tập nhóm môn Kinh tế lượng nộp thứ 6, chạy hồi quy OLS bằng STATA hoặc R.","Bài tập nhóm kinh tế","BaiTap","3"
"Thầy yêu cầu nộp báo cáo thực hành môn Vẽ kỹ thuật bằng AutoCAD trước 8h thứ 5.","Bo co thực hành vẽ","DuAn","3"
"Thi cuối kỳ môn Nhập môn AI ngày 22, ôn phần thuật toán tìm kiếm và học máy cơ bản.","Thi cuối kỳ nhập môn","ThiCuoiKy","3"
"Bài tập lớn môn Thiết kế web nộp tuần 14, làm responsive hoàn chỉnh có cả backend.","Bài tập lớn thiết kế","ThiCuoiKy","3"
"Thứ 4 này cô gọi lên bảng kiểm tra bài môn Đại số tuyến tính, ôn phần không gian vectơ.","Kiểm tra đại số tuyến","KiemTraThuongXuyen","3"
"Nhóm mình bảo vệ đồ án môn Hệ thống nhúng vào thứ 6 tuần 16, demo phần cứng trực tiếp.","Đồ n hệ thống nhúng","DuAn","3"
"toi nay nop btl roi ma chua lam gi het, chet","Bài tập lớn (không rõ","BaiTap","3"
"ơ khum ai nhắc mình kiemtra giải tích thứ mấy vậy","Kiểm tra giải tích","Khac","3"
"bài tậpp vật lí chương 3 nộp thứ mấy z mn","Bài tập vật lý","BaiTap","3"
"thầy bảo lm tiểu luạn nộp trc 20 mà mk chưa chọn đề :((","Tiểu luận (không rõ môn)","Khac","3"
"anh ơi btl nhom minh lam xog chua, mai nop roi","Bài tập lớn nhóm","BaiTap","3"
"ths dạy khó wá, bài thực hành lần 3 làm không hiểu gì luôn, deadline cuoi tuan","Bài thực hành lần 3","OnTap","5"
"thi cuoi ky mon nao do thang nay khó lắm nghe mn","Thi cuối kỳ (không rõ","ThiCuoiKy","5"
"bài tập chương 4 giải tích mk ko hiểu gì hết, nộp t4 mà","Bài tập giải tích","BaiTap","3"
"ê mấy đứa bài kiểm tra thường xuyên hóa tuần sau đúng k, khó k mn","Kiểm tra hóa","KiemTraThuongXuyen","5"
"deadline đồ án sắp tới mà nhóm chưa họp lần nào, stress vcl","Đồ n (không rõ môn)","DuAn","3"
"btl marketing nhóm 5 mai nộp ai chưa làm mau lên","Bài tập lớn marketing","BaiTap","3"
"cô cho bài tập về nhà mon ktvm nhưng mình ghi ko kịp đề, ai chụp giúp mình với","Bài tập kinh tế vi","KiemTraThuongXuyen","3"
"thứ mấy thi lai mon ly vay, mk rớt môn này rồi","Thi lại vật lý","ThiCuoiKy","5"
"nộp báo cao thực hành t5 hay t6 vậy mấy bạn, thầy nói mk không nghe","Bo co thực hành","OnTap","3"
"ôi trời kiểm tra 1 tiết mà học hok vô gì hết, chắc chớt rồi","Kiểm tra 1 tiết (không","KiemTraThuongXuyen","3"
"ai trong nhom 3 lam bai tap nlm chua, mai phai nop r","Bài tập nhóm","Khac","3"
"bài nộp hôm nay hay mai z, mk confuse lắm","Bài nộp (không rõ môn)","Khac","3"
"thi gk mon gi do thang 11 mà mk quên mất tiêu, ai nhớ không","Thi giữa kỳ (không rõ","ThiCuoiKy","3"
"ôi trời ơi nộp bài rồi mà thầy bảo sai định dạng, làm lại từ đầu không khóc được","Bài nộp lại (không rõ","OnTap","5"
"mn ơi ai có đề cương ktck mon cnpm không share mình với","Thi cuối kỳ cnpm","ThiCuoiKy","3"
"thực hành buổi 4 làm cái gì vậy, mk nghỉ buổi đó không biết gì luôn","Bài thực hành buổi 4","OnTap","3"
"mấy đứa ơi bài thuyết trình nhóm mk lm slide chưa, sao chưa thấy ai làm gì hết","Thuyết trình nhóm","DuAn","3"
"thầy ra tiểu luân cái gì đó mk ghi ko kịp, ai chụp hình cho mk với","Tiểu luận (không rõ môn)","Khac","3"
"bài tập giải tích mk ko hiểu đề gì luôn, nộp t3","Bài tập giải tích","BaiTap","3"
"nộp baoo cáo thực hành hóa buổi 2 roi ma mk chưa viết phần kết luận, ngày mai nộp","Bo co thực hành hóa","Khac","3"
"bài lab lập trình mạng tuần này mk chưa hiểu gì, deadline thứ 5","Bài lab lập trình mạng","BaiTap","3"
"làm bài tập ktvm sao kho wá, chắc chớt mất","Bài tập kinh tế vi","KiemTraThuongXuyen","3"
"thứ mấy thuyết trình nhóm mình vậy, mk lú lẫm hết rồi","Thuyết trình nhóm","DuAn","3"
"bài tiểu luận mình viết đc 300 chữ mà còn 1200 chữ nữa, mai nộp khóc thôi","Tiểu luận","DuAn","5"
"kiểm tra 1 tiết hóa thứ 6 hay thứ 7 vậy mấy bạn ơi","Kiểm tra hóa","KiemTraThuongXuyen","3"
"ai làm đồ án chưa, nhóm mình chưa bắt đầu gì luôn mà hạn tuần sau rồi","Đồ n","DuAn","3"
"Thầy dạy chán quá, buồn ngủ không chịu được.","Nhiệm vụ học tập","OnTap","3"
"Mấy đứa ơi tối nay đi uống trà sữa không?","Nhiệm vụ học tập","OnTap","3"
"Trời ơi sao hôm nay nóng kinh khủng vậy, học không vô gì hết.","Nhiệm vụ học tập","OnTap","3"
"Căng tin hôm nay bán cơm gì vậy mấy bạn?","Nhiệm vụ học tập","Khac","3"
"Ủa hôm nay lớp mình có học không hay thầy nghỉ rồi?","Nhiệm vụ học tập","OnTap","3"
"Mày có xem phim gì hay không, tao rảnh quá.","Nhiệm vụ học tập","OnTap","3"
"Sao trường mình wifi chậm thế này, không chịu được luôn.","Nhiệm vụ học tập","OnTap","3"
"Ê đứa nào muốn đi karaoke tối thứ 6 không?","Nhiệm vụ học tập","OnTap","3"
"Cuộc sống sinh viên sao khổ quá, chán chường vcl.","Nhiệm vụ học tập","Khac","3"
"Chị ơi, em chưa làm xong bài assignment tuần này, deadline là 10h tối nay 😅",", lm xong bi","BaiTap","3"
"Bài project lớn này khó quá, ai giúp mình với, nộp vào thứ 6 tuần sau","Bi project lớn ny","DuAn","5"
"Em chưa hiểu bài quiz tuần này, có ai giải thích giúp em không?","Hiểu bi quiz tuần","KiemTraThuongXuyen","3"
"Bài presentation nhóm mình làm đến đâu rồi?","Bi presentation lm đến","Khac","3"
"Chị ơi, em nộp bài report vào 20/10 được không ạ?",", em nộp bi","OnTap","3"
"Bài tập này khó quá, có ai làm xong chưa?","Bi tập ny khó","BaiTap","5"
"Mình cần help với bài coding, deadline là 2 ngày nữa","Mình cần help với","Khac","3"
"Bài discussion forum tuần này mình làm gì vậy ạ?","Bi discussion forum tuần","Khac","3"
"Em chưa làm bài homework, ai gửi file cho em với, deadline là tối nay 23h59","Lm bi homework, ai","Khac","3"
"Chj ơi, e chưa làm xong bài assingment tuần này, deadline là 10h tối nay 😅","Chj , e chưa","Khac","3"
"Bai project lớn này khó quá, ai giúp mình với, nộp vào thứ 6 tuần sau","Bai project lớn ny","DuAn","5"
"E k hiểu bài quiz tuần này, có ai giải thích giúp e không?","E k hiểu bi","KiemTraThuongXuyen","3"
"Deadline bài essay là mai rùi, mà mình vẫn chưa viết xong 😓","Deadline bi essay l","Khac","3"
"Bài prezentasion nhóm mình làm đến đâu rồi?","Bi prezentasion lm đến","Khac","3"
"Chị ơi, e nộp bài report vào 20/10 đc k ạ?",", e nộp bi","Khac","3"
"Bai tap này khó quá, có ai làm xong chưa?","Bai tap ny khó","Khac","5"
"Mình cần help với bài codding, deadline là 2 ngày nữa","Mình cần help với","Khac","3"
"Bài discusion forum tuần này mình làm gì vậy ạ?","Bi discusion forum tuần","Khac","3"
"E chưa làm bài homwork, ai gửi file cho e với, deadline là tối nay 23h59","E chưa lm bi","Khac","3"
"Chị ơi, em chưa làm xong bài assignment tuần này, deadline là 10h tối nay, mà em đang bị đau đầu 😅, giúp em với",", lm xong bi","BaiTap","3"
"Bài project lớn này khó quá, ai giúp mình với, nộp vào thứ 6 tuần sau, mình đang bận quá","Bi project lớn ny","DuAn","5"
"Em chưa hiểu bài quiz tuần này, có ai giải thích giúp em không, em hỏi nhiều lần rồi","Hiểu bi quiz tuần","KiemTraThuongXuyen","3"
"Deadline bài essay là mai rồi, mà mình vẫn chưa viết xong, mình đang xem phim 😓","Deadline bi essay l","Khac","3"
"Bài presentation nhóm mình làm đến đâu rồi, có cần thêm gì không?","Bi presentation lm đến","OnTap","3"
"Chị ơi, em nộp bài report vào 20/10 được không ạ, em đang cần gấp",", em nộp bi","OnTap","5"
"Bài tập này khó quá, có ai làm xong chưa, mình cần tham khảo","Bi tập ny khó","BaiTap","5"
"Mình cần help với bài coding, deadline là 2 ngày nữa, mình đang bận làm việc khác","Mình cần help với","Khac","3"
"Bài discussion forum tuần này mình làm gì vậy ạ, em không hiểu","Bi discussion forum tuần","OnTap","3"
"Em chưa làm bài homework, ai gửi file cho em với, deadline là tối nay 23h59, em cảm ơn","Lm bi homework, ai","Khac","3"
"chị ơi e chưa làm xong bài ass này 😅","E chưa lm xong","Khac","3"
"e k hiểu quiz tuần này 😐","E k hiểu quiz","KiemTraThuongXuyen","3"
"essay mai rồi 😱","Essay mai 😱","Khac","3"
"Em chưa làm xong bài tập, deadline là mai 😅","Lm xong bi tập,","BaiTap","3"
"chj ơi e nộp bài muộn đc k ạ","Chj e nộp bi","Khac","3"
"Bài này khó quá, ai giúp mình với, mình đang bận 😓","Bi ny khó qu,","Khac","5"
"Chị ơi, em chưa hiểu bài quiz",", hiểu bi quiz","KiemTraThuongXuyen","3"
"e k hiểu phần này, giải thích giúp e","E k hiểu phần","Khac","3"
"Chị ơi, em chưa làm xong bài assignment tuần này, deadline là 10h tối mai 😅",", lm xong bi","BaiTap","3"
"Chj ơi, e chưa làm xong bài assingment tuần này, deadline là 10h tối mai 😅","Chj , e chưa","Khac","3"
"Chị ơi, em chưa làm xong bài assignment tuần này, deadline là 10h tối mai, mà em đang bị đau đầu 😅, giúp em với",", lm xong bi","BaiTap","3"
"boi tập Lập trenh về nho tuần noy doi ngoằng","Bài tập lập trình","BaiTap","4"
"ai làm xong assignment Kỹ năng mềm chưa cho t copy tẹo =))","Assignment kỹ năng mềm","BaiTap","3"
"assignment Kỹ năng mềm về nhà tuần này dài ngoằng","Bài tập kỹ năng mềm","BaiTap","4"
"ai lom xong assignment Cd sở dữ liệu chưa cho t copy tẹo =))","Assignment cơ sở dữ liệu","BaiTap","3"
"boi tập Lập trenh về nho tuần noy doi ngoằng","Bài tập lập trình","BaiTap","4"
"bài tập Lập trình về nhà tuần này dài ngoằng 🔥","Bài tập lập trình","BaiTap","4"
"ai làm xong assignment Cơ sở dữ liệu chưa cho t copy tẹo =)) 😂","Assignment cơ sở dữ liệu","BaiTap","3"
"ai làm xong assignment Hóa chưa cho t copy tẹo =)) 😂","Assignment hóa","BaiTap","3"
"ai làm xong assignment Kỹ năng mềm chưa cho t copy tẹo =))","Assignment kỹ năng mềm","BaiTap","3"
"ai làm xong assignment Toán chưa cho t copy tẹo =))","Assignment ton","BaiTap","3"
"bài tập Kỹ năng mềm về nhà tuần này dài ngoằng","Bài tập kỹ năng mềm","BaiTap","4"
"bài tập Kỹ năng mềm về nhà tuần này dài ngoằng hz","Bài tập kỹ năng mềm","BaiTap","4"
"ai làm xong assignment Kỹ năng mềm chưa cho t copy tẹo =))","Assignment kỹ năng mềm","BaiTap","3"
"ai làm xong assignment Lập trình chưa cho t copy tẹo =))","Assignment lập trình","BaiTap","3"
"bài tập Cơ sở dữ liệu về nhà tuần này dài ngoằng 😂","Bài tập cơ sở dữ","BaiTap","4"
"bài tập Mạng máy tính về nhà tuần này dài ngoằng","Bài tập mạng my tính","BaiTap","4"
"bài tập Toán về nhà tuần này dài ngoằng zz","Bài tập ton","BaiTap","4"
"bài tập Cơ sở dữ liệu về nhà tuần này dài ngoằng 🔥","Bài tập cơ sở dữ","BaiTap","4"
"ai làm xong assignment Mạng máy tính chưa cho t copy tẹo =))","Assignment mạng my tính","BaiTap","3"
"ai làm xong assignment Hóa chưa cho t copy tẹo =))","Assignment hóa","BaiTap","3"
"ai làm xong assignment Kỹ năng mềm chưa cho t copy tẹo =))","Assignment kỹ năng mềm","BaiTap","3"
"ai làm xong assignment Lập trình chưa cho t copy tẹo =)) 🔥","Assignment lập trình","BaiTap","3"
"bài tập Lý về nhà tuần này dài ngoằng 😭","Bài tập lý","BaiTap","4"
"ai làm xong assignment Lập trình chưa cho t copy tẹo =)) hz","Assignment lập trình","BaiTap","3"
"assignment Lý về nhà tuần này dài ngoằng","Bài tập lý","BaiTap","4"
"bài tập Mạng máy tính về nhà tuần này dài ngoằng vkl","Bài tập mạng my tính","BaiTap","4"
"assignment Lý về nhà tuần này dài ngoằng","Bài tập lý","BaiTap","4"
"ai làm xong assignment Cơ sở dữ liệu chưa cho t copy tẹo =))","Assignment cơ sở dữ liệu","BaiTap","3"
"bài tập Cơ sở dữ liệu về nhà tuần này dài ngoằng","Bài tập cơ sở dữ","BaiTap","4"
"boi tập Lập trenh về nho tuần noy doi ngoằng","Bài tập lập trình","BaiTap","4"
"ai làm xong assignment Toán chưa cho t copy tẹo =)) 👍","Assignment ton","BaiTap","3"
"bài tập Hóa về nhà tuần này dài ngoằng hz","Bài tập hóa","BaiTap","4"
"boi tập Triết về nho tuần noy doi ngoằng","Bài tập triết","BaiTap","4"
"ai làm xong assignment Mạng máy tính chưa cho t copy tẹo =)) 😂","Assignment mạng my tính","BaiTap","3"
"bài tập Triết về nhà tuần này dài ngoằng 😂","Bài tập triết","BaiTap","4"
"ai làm xong assignment Triết chưa cho t copy tẹo =)) hz","Assignment triết","BaiTap","3"
"boi tập Lập trenh về nho tuần noy doi ngoằng","Bài tập lập trình","BaiTap","4"
"assignment Kỹ năng mềm về nhà tuần này dài ngoằng","Bài tập kỹ năng mềm","BaiTap","4"
"boi tập Lập trenh về nho tuần noy doi ngoằng","Bài tập lập trình","BaiTap","4"
"ai làm xong assignment Mạng máy tính chưa cho t copy tẹo =))","Assignment mạng my tính","BaiTap","3"
"ai làm xong assignment Triết chưa cho t copy tẹo =)) 😂","Assignment triết","BaiTap","3"
"ai làm xong assignment Cơ sở dữ liệu chưa cho t copy tẹo =)) vkl","Assignment cơ sở dữ liệu","BaiTap","3"
"bài tập Triết về nhà tuần này dài ngoằng","Bài tập triết","BaiTap","4"
"ai làm xong assignment Toán chưa cho t copy tẹo =))","Assignment ton","BaiTap","3"
"bài tập Toán về nhà tuần này dài ngoằng 👍","Bài tập ton","BaiTap","4"
"bài tập Toán về nhà tuần này dài ngoằng 👍","Bài tập ton","BaiTap","4"
"assignment Triết về nhà tuần này dài ngoằng","Bài tập triết","BaiTap","4"
"ai làm xong assignment Triết chưa cho t copy tẹo =))","Assignment triết","BaiTap","3"
"bài tập Lập trình về nhà tuần này dài ngoằng","Bài tập lập trình","BaiTap","4"
"bài tập Kỹ năng mềm về nhà tuần này dài ngoằng","Bài tập kỹ năng mềm","BaiTap","4"
"bài tập Hóa về nhà tuần này dài ngoằng","Bài tập hóa","BaiTap","4"
"ai làm xong assignment Hóa chưa cho t copy tẹo =))","Assignment hóa","BaiTap","3"
"bài tập Hóa về nhà tuần này dài ngoằng 👍","Bài tập hóa","BaiTap","4"
"bài tập Triết về nhà tuần này dài ngoằng","Bài tập triết","BaiTap","4"
"ai làm xong assignment Hóa chưa cho t copy tẹo =))","Assignment hóa","BaiTap","3"
"ai làm xong assignment Mạng máy tính chưa cho t copy tẹo =))","Assignment mạng my tính","BaiTap","3"
"ai lom xong assignment Cd sở dữ liệu chưa cho t copy tẹo =))","Assignment cơ sở dữ liệu","BaiTap","3"
"ai làm xong assignment Lý chưa cho t copy tẹo =))","Assignment lý","BaiTap","3"
"bài tập Lý về nhà tuần này dài ngoằng","Bài tập lý","BaiTap","4"
"bài tập Toán về nhà tuần này dài ngoằng zz","Bài tập ton","BaiTap","4"
"bài tập Kỹ năng mềm về nhà tuần này dài ngoằng 😂","Bài tập kỹ năng mềm","BaiTap","4"
"ai làm xong assignment Cơ sở dữ liệu chưa cho t copy tẹo =)) 👍","Assignment cơ sở dữ liệu","BaiTap","3"
"ai làm xong assignment Kỹ năng mềm chưa cho t copy tẹo =))","Assignment kỹ năng mềm","BaiTap","3"
"bài tập Kỹ năng mềm về nhà tuần này dài ngoằng vkl","Bài tập kỹ năng mềm","BaiTap","4"
"ai làm xong assignment Triết chưa cho t copy tẹo =)) ak","Assignment triết","BaiTap","3"
"bài tập Toán về nhà tuần này dài ngoằng","Bài tập ton","BaiTap","4"
"ai làm xong assignment Toán chưa cho t copy tẹo =)) zz","Assignment ton","BaiTap","3"
"boi tập Lập trenh về nho tuần noy doi ngoằng","Bài tập lập trình","BaiTap","4"
"bài tập Hóa về nhà tuần này dài ngoằng","Bài tập hóa","BaiTap","4"
"bài tập Lập trình về nhà tuần này dài ngoằng","Bài tập lập trình","BaiTap","4"
"ai làm xong assignment Lập trình chưa cho t copy tẹo =))","Assignment lập trình","BaiTap","3"
"bài tập Triết về nhà tuần này dài ngoằng","Bài tập triết","BaiTap","4"
"boi tập Mạng may tinh về nho tuần noy doi ngoằng","Bài tập mạng my tính","BaiTap","4"
"bài tập Kỹ năng mềm về nhà tuần này dài ngoằng 😂","Bài tập kỹ năng mềm","BaiTap","4"
"boi tập Mạng may tinh về nho tuần noy doi ngoằng","Bài tập mạng my tính","BaiTap","4"
"ai lom xong assignment Hoa chưa cho t copy tẹo =))","Assignment hóa","BaiTap","3"
"boi tập Hoa về nho tuần noy doi ngoằng","Bài tập hóa","BaiTap","4"
"ai lom xong assignment Mạng may tinh chưa cho t copy tẹo =))","Assignment mạng my tính","BaiTap","3"
"boi tập Lu về nho tuần noy doi ngoằng","Bài tập lý","BaiTap","4"
"bài tập Lập trình về nhà tuần này dài ngoằng","Bài tập lập trình","BaiTap","4"
"ai làm xong assignment Triết chưa cho t copy tẹo =)) ak","Assignment triết","BaiTap","3"
"ai làm xong assignment Kỹ năng mềm chưa cho t copy tẹo =)) hz","Assignment kỹ năng mềm","BaiTap","3"
"bài tập Mạng máy tính về nhà tuần này dài ngoằng","Bài tập mạng my tính","BaiTap","4"
"bài tập Hóa về nhà tuần này dài ngoằng","Bài tập hóa","BaiTap","4"
"bài tập Hóa về nhà tuần này dài ngoằng 😂","Bài tập hóa","BaiTap","4"
"bài tập Mạng máy tính về nhà tuần này dài ngoằng","Bài tập mạng my tính","BaiTap","4"
"ai lom xong assignment Triết chưa cho t copy tẹo =))","Assignment triết","BaiTap","3"
"ai lom xong assignment Triết chưa cho t copy tẹo =))","Assignment triết","BaiTap","3"
"ai lom xong assignment Lu chưa cho t copy tẹo =))","Assignment lý","BaiTap","3"
"bài tập Lập trình về nhà tuần này dài ngoằng","Bài tập lập trình","BaiTap","4"
"boi tập Lu về nho tuần noy doi ngoằng","Bài tập lý","BaiTap","4"
"ai làm xong assignment Cơ sở dữ liệu chưa cho t copy tẹo =)) 👍","Assignment cơ sở dữ liệu","BaiTap","3"
"ai làm xong assignment Toán chưa cho t copy tẹo =)) 😭","Assignment ton","BaiTap","3"
"assignment Lập trình về nhà tuần này dài ngoằng","Bài tập lập trình","BaiTap","4"
"boi tập Lập trenh về nho tuần noy doi ngoằng","Bài tập lập trình","BaiTap","4"
"boi tập Mạng may tinh về nho tuần noy doi ngoằng","Bài tập mạng my tính","BaiTap","4"
"ai làm xong assignment Kỹ năng mềm chưa cho t copy tẹo =)) 🔥","Assignment kỹ năng mềm","BaiTap","3"
"ai làm xong assignment Toán chưa cho t copy tẹo =)) zz","Assignment ton","BaiTap","3"
"bài tập Lý về nhà tuần này dài ngoằng hz","Bài tập lý","BaiTap","4"
"assignment Kỹ năng mềm về nhà tuần này dài ngoằng","Bài tập kỹ năng mềm","BaiTap","4"
"ai làm xong assignment Triết chưa cho t copy tẹo =)) 😂","Assignment triết","BaiTap","3"
"bài tập Lập trình về nhà tuần này dài ngoằng","Bài tập lập trình","BaiTap","4"
"ai làm xong assignment Mạng máy tính chưa cho t copy tẹo =))","Assignment mạng my tính","BaiTap","3"
"assignment Triết về nhà tuần này dài ngoằng","Bài tập triết","BaiTap","4"
"ai làm xong assignment Kỹ năng mềm chưa cho t copy tẹo =))","Assignment kỹ năng mềm","BaiTap","3"
"mai kt 1 tiết Lý sợ toang","Kt 1 tiết lý","KiemTraThuongXuyen","5"
"mai kt 1 tiết Lập trình sợ toang","Kt 1 tiết lập trình","KiemTraThuongXuyen","5"
"pop quiz Lu dễ yn aiểm lắm","Pop quiz lý","KiemTraThuongXuyen","1"
"mai kt 1 tiết Lý sợ toang hz","Kt 1 tiết lý","KiemTraThuongXuyen","5"
"mai kt 1 tiết Kỹ nyng mềm sợ toang","Kt 1 tiết kỹ năng","KiemTraThuongXuyen","5"
"pop quiz Kỹ năng mềm dễ ăn điểm lắm","Pop quiz kỹ năng mềm","KiemTraThuongXuyen","1"
"mai kt 1 tiết Lý sợ toang","Kt 1 tiết lý","KiemTraThuongXuyen","5"
"pop quiz Mạng máy tính dễ ăn điểm lắm","Pop quiz mạng my tính","KiemTraThuongXuyen","1"
"pop quiz Lý dễ ăn điểm lắm zz","Pop quiz lý","KiemTraThuongXuyen","1"
"pop quiz Cơ sở dữ liệu dễ ăn điểm lắm","Pop quiz cơ sở dữ","KiemTraThuongXuyen","1"
"pop quiz Hóa dễ ăn điểm lắm","Pop quiz hóa","KiemTraThuongXuyen","1"
"mai kt 1 tiết Mạng may tinh sợ toang","Kt 1 tiết mạng my","KiemTraThuongXuyen","5"
"pop quiz Toán dễ ăn điểm lắm 🔥","Pop quiz ton","KiemTraThuongXuyen","1"
"mai kt 1 tiết Triết sợ toang","Kt 1 tiết triết","KiemTraThuongXuyen","5"
"pop quiz Toán dễ ăn điểm lắm","Pop quiz ton","KiemTraThuongXuyen","1"
"pop quiz Cơ sở dữ liệu dễ ăn điểm lắm","Pop quiz cơ sở dữ","KiemTraThuongXuyen","1"
"pop quiz Triết dễ ăn điểm lắm","Pop quiz triết","KiemTraThuongXuyen","1"
"pop quiz Hoa dễ yn aiểm lắm","Pop quiz hóa","KiemTraThuongXuyen","1"
"pop quiz Cơ sở dữ liệu dễ ăn điểm lắm","Pop quiz cơ sở dữ","KiemTraThuongXuyen","1"
"pop quiz Toán dễ ăn điểm lắm","Pop quiz ton","KiemTraThuongXuyen","1"
"pop quiz Kỹ năng mềm dễ ăn điểm lắm 😭","Pop quiz kỹ năng mềm","KiemTraThuongXuyen","1"
"mai kt 1 tiết Triết sợ toang 😭","Kt 1 tiết triết","KiemTraThuongXuyen","5"
"mai kt 1 tiết Lập trình sợ toang","Kt 1 tiết lập trình","KiemTraThuongXuyen","5"
"mai kt 1 tiết Cd sở dữ liệu sợ toang","Kt 1 tiết cơ sở","KiemTraThuongXuyen","5"
"mai kt 1 tiết Kỹ năng mềm sợ toang vkl","Kt 1 tiết kỹ năng","KiemTraThuongXuyen","5"
"pop quiz Lập trình dễ ăn điểm lắm","Pop quiz lập trình","KiemTraThuongXuyen","1"
"mai kt 1 tiết Cơ sở dữ liệu sợ toang","Kt 1 tiết cơ sở","KiemTraThuongXuyen","5"
"mai kt 1 tiết Toán sợ toang","Kt 1 tiết ton","KiemTraThuongXuyen","5"
"pop quiz Kỹ năng mềm dễ ăn điểm lắm 😭","Pop quiz kỹ năng mềm","KiemTraThuongXuyen","1"
"mai kt 1 tiết Triết sợ toang 🔥","Kt 1 tiết triết","KiemTraThuongXuyen","5"
"mai kt 1 tiết Cơ sở dữ liệu sợ toang","Kt 1 tiết cơ sở","KiemTraThuongXuyen","5"
"mai kt 1 tiết Triết sợ toang","Kt 1 tiết triết","KiemTraThuongXuyen","5"
"pop quiz Hóa dễ ăn điểm lắm 😭","Pop quiz hóa","KiemTraThuongXuyen","1"
"mai kt 1 tiết Kỹ năng mềm sợ toang 😭","Kt 1 tiết kỹ năng","KiemTraThuongXuyen","5"
"mai kt 1 tiết Triết sợ toang","Kt 1 tiết triết","KiemTraThuongXuyen","5"
"pop quiz Mạng máy tính dễ ăn điểm lắm","Pop quiz mạng my tính","KiemTraThuongXuyen","1"
"pop quiz Toán dễ ăn điểm lắm","Pop quiz ton","KiemTraThuongXuyen","1"
"pop quiz Triết dễ ăn điểm lắm","Pop quiz triết","KiemTraThuongXuyen","1"
"pop quiz Kỹ năng mềm dễ ăn điểm lắm","Pop quiz kỹ năng mềm","KiemTraThuongXuyen","1"
"mai kt 1 tiết Toan sợ toang","Kt 1 tiết ton","KiemTraThuongXuyen","5"
"pop quiz Lý dễ ăn điểm lắm 😂","Pop quiz lý","KiemTraThuongXuyen","1"
"mai kt 1 tiết Mạng máy tính sợ toang 🔥","Kt 1 tiết mạng my","KiemTraThuongXuyen","5"
"pop quiz Triết dễ ăn điểm lắm 😭","Pop quiz triết","KiemTraThuongXuyen","1"
"mai kt 1 tiết Kỹ năng mềm sợ toang","Kt 1 tiết kỹ năng","KiemTraThuongXuyen","5"
"pop quiz Mạng may tinh dễ yn aiểm lắm","Pop quiz mạng my tính","KiemTraThuongXuyen","1"
"mai kt 1 tiết Toán sợ toang","Kt 1 tiết ton","KiemTraThuongXuyen","5"
"pop quiz Lý dễ ăn điểm lắm","Pop quiz lý","KiemTraThuongXuyen","1"
"pop quiz Hóa dễ ăn điểm lắm 👍","Pop quiz hóa","KiemTraThuongXuyen","1"
"pop quiz Lý dễ ăn điểm lắm","Pop quiz lý","KiemTraThuongXuyen","1"
"pop quiz Hóa dễ ăn điểm lắm","Pop quiz hóa","KiemTraThuongXuyen","1"
"mai kt 1 tiết Triết sợ toang","Kt 1 tiết triết","KiemTraThuongXuyen","5"
"mai kt 1 tiết Mạng máy tính sợ toang","Kt 1 tiết mạng my","KiemTraThuongXuyen","5"
"pop quiz Hóa dễ ăn điểm lắm","Pop quiz hóa","KiemTraThuongXuyen","1"
"pop quiz Triết dễ ăn điểm lắm zz","Pop quiz triết","KiemTraThuongXuyen","1"
"mai kt 1 tiết Lý sợ toang","Kt 1 tiết lý","KiemTraThuongXuyen","5"
"pop quiz Toán dễ ăn điểm lắm","Pop quiz ton","KiemTraThuongXuyen","1"
"mai kt 1 tiết Lập trình sợ toang zz","Kt 1 tiết lập trình","KiemTraThuongXuyen","5"
"mai kt 1 tiết Cơ sở dữ liệu sợ toang ak","Kt 1 tiết cơ sở","KiemTraThuongXuyen","5"
"mai kt 1 tiết Kỹ nyng mềm sợ toang","Kt 1 tiết kỹ năng","KiemTraThuongXuyen","5"
"pop quiz Lý dễ ăn điểm lắm","Pop quiz lý","KiemTraThuongXuyen","1"
"mai kt 1 tiết Triết sợ toang hz","Kt 1 tiết triết","KiemTraThuongXuyen","5"
"mai kt 1 tiết Hoa sợ toang","Kt 1 tiết hóa","KiemTraThuongXuyen","5"
"pop quiz Triết dễ ăn điểm lắm","Pop quiz triết","KiemTraThuongXuyen","1"
"pop quiz Toan dễ yn aiểm lắm","Pop quiz ton","KiemTraThuongXuyen","1"
"mai kt 1 tiết Hoa sợ toang","Kt 1 tiết hóa","KiemTraThuongXuyen","5"
"mai kt 1 tiết Triết sợ toang","Kt 1 tiết triết","KiemTraThuongXuyen","5"
"pop quiz Lập trình dễ ăn điểm lắm 🔥","Pop quiz lập trình","KiemTraThuongXuyen","1"
"pop quiz Toán dễ ăn điểm lắm 🔥","Pop quiz ton","KiemTraThuongXuyen","1"
"pop quiz Toán dễ ăn điểm lắm 😭","Pop quiz ton","KiemTraThuongXuyen","1"
"pop quiz Hóa dễ ăn điểm lắm","Pop quiz hóa","KiemTraThuongXuyen","1"
"pop quiz Hóa dễ ăn điểm lắm 👍","Pop quiz hóa","KiemTraThuongXuyen","1"
"pop quiz Hoa dễ yn aiểm lắm","Pop quiz hóa","KiemTraThuongXuyen","1"
"pop quiz Cơ sở dữ liệu dễ ăn điểm lắm","Pop quiz cơ sở dữ","KiemTraThuongXuyen","1"
"pop quiz Triết dễ ăn điểm lắm","Pop quiz triết","KiemTraThuongXuyen","1"
"mai kt 1 tiết Lý sợ toang","Kt 1 tiết lý","KiemTraThuongXuyen","5"
"pop quiz Triết dễ ăn điểm lắm","Pop quiz triết","KiemTraThuongXuyen","1"
"mai kt 1 tiết Kỹ năng mềm sợ toang ak","Kt 1 tiết kỹ năng","KiemTraThuongXuyen","5"
"pop quiz Cơ sở dữ liệu dễ ăn điểm lắm","Pop quiz cơ sở dữ","KiemTraThuongXuyen","1"
"mai kt 1 tiết Mạng may tinh sợ toang","Kt 1 tiết mạng my","KiemTraThuongXuyen","5"
"pop quiz Cơ sở dữ liệu dễ ăn điểm lắm","Pop quiz cơ sở dữ","KiemTraThuongXuyen","1"
"pop quiz Toán dễ ăn điểm lắm zz","Pop quiz ton","KiemTraThuongXuyen","1"
"mai kt 1 tiết Hóa sợ toang","Kt 1 tiết hóa","KiemTraThuongXuyen","5"
"pop quiz Kỹ năng mềm dễ ăn điểm lắm","Pop quiz kỹ năng mềm","KiemTraThuongXuyen","1"
"mai kt 1 tiết Cơ sở dữ liệu sợ toang","Kt 1 tiết cơ sở","KiemTraThuongXuyen","5"
"mai kt 1 tiết Cơ sở dữ liệu sợ toang","Kt 1 tiết cơ sở","KiemTraThuongXuyen","5"
"pop quiz Hóa dễ ăn điểm lắm","Pop quiz hóa","KiemTraThuongXuyen","1"
"pop quiz Cơ sở dữ liệu dễ ăn điểm lắm 👍","Pop quiz cơ sở dữ","KiemTraThuongXuyen","1"
"mai kt 1 tiết Lập trình sợ toang","Kt 1 tiết lập trình","KiemTraThuongXuyen","5"
"pop quiz Toán dễ ăn điểm lắm zz","Pop quiz ton","KiemTraThuongXuyen","1"
"mai kt 1 tiết Triết sợ toang","Kt 1 tiết triết","KiemTraThuongXuyen","5"
"mai kt 1 tiết Kỹ năng mềm sợ toang vkl","Kt 1 tiết kỹ năng","KiemTraThuongXuyen","5"
"mai kt 1 tiết Hóa sợ toang","Kt 1 tiết hóa","KiemTraThuongXuyen","5"
"pop quiz Kỹ năng mềm dễ ăn điểm lắm","Pop quiz kỹ năng mềm","KiemTraThuongXuyen","1"
"mai kt 1 tiết Mạng máy tính sợ toang hz","Kt 1 tiết mạng my","KiemTraThuongXuyen","5"
"mai kt 1 tiết Lý sợ toang","Kt 1 tiết lý","KiemTraThuongXuyen","5"
"pop quiz Mạng máy tính dễ ăn điểm lắm 🔥","Pop quiz mạng my tính","KiemTraThuongXuyen","1"
"mai kt 1 tiết Triết sợ toang hz","Kt 1 tiết triết","KiemTraThuongXuyen","5"
"pop quiz Cơ sở dữ liệu dễ ăn điểm lắm","Pop quiz cơ sở dữ","KiemTraThuongXuyen","1"
"pop quiz Lý dễ ăn điểm lắm 🔥","Pop quiz lý","KiemTraThuongXuyen","1"
"mai kt 1 tiết Toan sợ toang","Kt 1 tiết ton","KiemTraThuongXuyen","5"
"pop quiz Cơ sở dữ liệu dễ ăn điểm lắm","Pop quiz cơ sở dữ","KiemTraThuongXuyen","1"
"mai kt 1 tiết Toán sợ toang ak","Kt 1 tiết ton","KiemTraThuongXuyen","5"
"mai kt 1 tiết Kỹ năng mềm sợ toang","Kt 1 tiết kỹ năng","KiemTraThuongXuyen","5"
"mai kt 1 tiết Lý sợ toang hz","Kt 1 tiết lý","KiemTraThuongXuyen","5"
"mai kt 1 tiết Cd sở dữ liệu sợ toang","Kt 1 tiết cơ sở","KiemTraThuongXuyen","5"
"pop quiz Kỹ năng mềm dễ ăn điểm lắm","Pop quiz kỹ năng mềm","KiemTraThuongXuyen","1"
"mai kt 1 tiết Lu sợ toang","Kt 1 tiết lý","KiemTraThuongXuyen","5"
"mai kt 1 tiết Hóa sợ toang","Kt 1 tiết hóa","KiemTraThuongXuyen","5"
"mai kt 1 tiết Lập trình sợ toang 😂","Kt 1 tiết lập trình","KiemTraThuongXuyen","5"
"pop quiz Lý dễ ăn điểm lắm","Pop quiz lý","KiemTraThuongXuyen","1"
"pop quiz Toán dễ ăn điểm lắm","Pop quiz ton","KiemTraThuongXuyen","1"
"pop quiz Hóa dễ ăn điểm lắm","Pop quiz hóa","KiemTraThuongXuyen","1"
"pop quiz Hoa dễ yn aiểm lắm","Pop quiz hóa","KiemTraThuongXuyen","1"
"pop quiz Kỹ năng mềm dễ ăn điểm lắm","Pop quiz kỹ năng mềm","KiemTraThuongXuyen","1"
"pop quiz Kỹ năng mềm dễ ăn điểm lắm 😂","Pop quiz kỹ năng mềm","KiemTraThuongXuyen","1"
"mai kt 1 tiết Toan sợ toang","Kt 1 tiết ton","KiemTraThuongXuyen","5"
"pop quiz Toan dễ yn aiểm lắm","Pop quiz ton","KiemTraThuongXuyen","1"
"mai kt 1 tiết Mạng máy tính sợ toang 😂","Kt 1 tiết mạng my","KiemTraThuongXuyen","5"
"pop quiz Toán dễ ăn điểm lắm zz","Pop quiz ton","KiemTraThuongXuyen","1"
"chuẩn bị thi final Mạng máy tính rôi lo quá 👍","Thi final mạng my tính","ThiCuoiKy","5"
"deadline ôn thi cuối kỳ Hóa đang tới gần","Ôn thi hóa","ThiCuoiKy","4"
"deadline ôn thi cuối kỳ Toán đang tới gần","Ôn thi ton","ThiCuoiKy","4"
"chuẩn bị thi final Cd sở dữ liệu roi lo qua","Thi final cơ sở dữ","ThiCuoiKy","5"
"deadline on thi cuối kỳ Mạng may tinh aang tới gần","Ôn thi mạng my tính","ThiCuoiKy","4"
"chuẩn bị thi final Mạng máy tính rôi lo quá","Thi final mạng my tính","ThiCuoiKy","5"
"chuẩn bị thi final Kỹ nyng mềm roi lo qua","Thi final kỹ năng mềm","ThiCuoiKy","5"
"chuẩn bị thi final Lập trenh roi lo qua","Thi final lập trình","ThiCuoiKy","5"
"deadline ôn thi cuối kỳ Triết đang tới gần 😭","Ôn thi triết","ThiCuoiKy","4"
"deadline ôn thi cuối kỳ Toán đang tới gần 🔥","Ôn thi ton","ThiCuoiKy","4"
"deadline on thi cuối kỳ Kỹ nyng mềm aang tới gần","Ôn thi kỹ năng mềm","ThiCuoiKy","4"
"deadline on thi cuối kỳ Cd sở dữ liệu aang tới gần","Ôn thi cơ sở dữ","ThiCuoiKy","4"
"deadline ôn thi cuối kỳ Lý đang tới gần ak","Ôn thi lý","ThiCuoiKy","4"
"deadline ôn thi cuối kỳ Mạng máy tính đang tới gần","Ôn thi mạng my tính","ThiCuoiKy","4"
"deadline on thi cuối kỳ Hoa aang tới gần","Ôn thi hóa","ThiCuoiKy","4"
"deadline ôn thi cuối kỳ Mạng máy tính đang tới gần 😭","Ôn thi mạng my tính","ThiCuoiKy","4"
"chuẩn bị thi final Lập trình rôi lo quá","Thi final lập trình","ThiCuoiKy","5"
"chuẩn bị thi final Mạng may tinh roi lo qua","Thi final mạng my tính","ThiCuoiKy","5"
"deadline on thi cuối kỳ Mạng may tinh aang tới gần","Ôn thi mạng my tính","ThiCuoiKy","4"
"deadline ôn thi cuối kỳ Kỹ năng mềm đang tới gần 🔥","Ôn thi kỹ năng mềm","ThiCuoiKy","4"
"chuẩn bị thi final Mạng máy tính rôi lo quá","Thi final mạng my tính","ThiCuoiKy","5"
"chuẩn bị thi final Mạng may tinh roi lo qua","Thi final mạng my tính","ThiCuoiKy","5"
"chuẩn bị thi final Triết rôi lo quá","Thi final triết","ThiCuoiKy","5"
"chuẩn bị thi final Lập trenh roi lo qua","Thi final lập trình","ThiCuoiKy","5"
"deadline ôn thi cuối kỳ Toán đang tới gần 🔥","Ôn thi ton","ThiCuoiKy","4"
"deadline ôn thi cuối kỳ Mạng máy tính đang tới gần","Ôn thi mạng my tính","ThiCuoiKy","4"
"chuẩn bị thi final Kỹ năng mềm rôi lo quá","Thi final kỹ năng mềm","ThiCuoiKy","5"
"chuẩn bị thi final Toán rôi lo quá","Thi final ton","ThiCuoiKy","5"
"chuẩn bị thi final Triết rôi lo quá 😭","Thi final triết","ThiCuoiKy","5"
"chuẩn bị thi final Lập trình rôi lo quá","Thi final lập trình","ThiCuoiKy","5"
"chuẩn bị thi final Triết roi lo qua","Thi final triết","ThiCuoiKy","5"
"deadline ôn thi cuối kỳ Triết đang tới gần","Ôn thi triết","ThiCuoiKy","4"
"deadline ôn thi cuối kỳ Kỹ năng mềm đang tới gần 🔥","Ôn thi kỹ năng mềm","ThiCuoiKy","4"
"deadline ôn thi cuối kỳ Lý đang tới gần 🔥","Ôn thi lý","ThiCuoiKy","4"
"deadline ôn thi cuối kỳ Lập trình đang tới gần 🔥","Ôn thi lập trình","ThiCuoiKy","4"
"deadline ôn thi cuối kỳ Cơ sở dữ liệu đang tới gần 😭","Ôn thi cơ sở dữ","ThiCuoiKy","4"
"deadline ôn thi cuối kỳ Hóa đang tới gần","Ôn thi hóa","ThiCuoiKy","4"
"chuẩn bị thi final Hóa rôi lo quá","Thi final hóa","ThiCuoiKy","5"
"chuẩn bị thi final Lu roi lo qua","Thi final lý","ThiCuoiKy","5"
"deadline on thi cuối kỳ Cd sở dữ liệu aang tới gần","Ôn thi cơ sở dữ","ThiCuoiKy","4"
"chuẩn bị thi final Toán rôi lo quá","Thi final ton","ThiCuoiKy","5"
"deadline ôn thi cuối kỳ Mạng máy tính đang tới gần 🔥","Ôn thi mạng my tính","ThiCuoiKy","4"
"deadline on thi cuối kỳ Lập trenh aang tới gần","Ôn thi lập trình","ThiCuoiKy","4"
"chuẩn bị thi final Lập trình rôi lo quá","Thi final lập trình","ThiCuoiKy","5"
"chuẩn bị thi final Lập trình rôi lo quá","Thi final lập trình","ThiCuoiKy","5"
"deadline ôn thi cuối kỳ Cơ sở dữ liệu đang tới gần","Ôn thi cơ sở dữ","ThiCuoiKy","4"
"chuẩn bị thi final Toán rôi lo quá","Thi final ton","ThiCuoiKy","5"
"deadline ôn thi cuối kỳ Hóa đang tới gần ak","Ôn thi hóa","ThiCuoiKy","4"
"chuẩn bị thi final Hóa rôi lo quá 😭","Thi final hóa","ThiCuoiKy","5"
"deadline ôn thi cuối kỳ Toán đang tới gần vkl","Ôn thi ton","ThiCuoiKy","4"
"báo cáo Triết làm thuyết trình ez 👍","Bo co triết","DuAn","2"
"báo cáo Kỹ năng mềm làm thuyết trình ez","Bo co kỹ năng mềm","DuAn","2"
"project môn Triết đang trễ tiến độ zz","Project triết","DuAn","5"
"project môn Lý đang trễ tiến độ vkl","Project lý","DuAn","5"
"báo cáo Hóa làm thuyết trình ez 🔥","Bo co hóa","DuAn","2"
"project mon Lu aang trễ tiến aộ","Project lý","DuAn","5"
"report Triết làm thuyết trình ez","Bo co triết","DuAn","2"
"báo cáo Toán làm thuyết trình ez ak","Bo co ton","DuAn","2"
"project môn Lập trình đang trễ tiến độ","Project lập trình","DuAn","5"
"báo cáo Lập trình làm thuyết trình ez","Bo co lập trình","DuAn","2"
"project môn Triết đang trễ tiến độ hz","Project triết","DuAn","5"
"báo cáo Mạng máy tính làm thuyết trình ez","Bo co mạng my tính","DuAn","2"
"báo cáo Kỹ năng mềm làm thuyết trình ez 🔥","Bo co kỹ năng mềm","DuAn","2"
"báo cáo Hóa làm thuyết trình ez 👍","Bo co hóa","DuAn","2"
"project môn Cơ sở dữ liệu đang trễ tiến độ vkl","Project cơ sở dữ liệu","DuAn","5"
"báo cáo Mạng máy tính làm thuyết trình ez 😂","Bo co mạng my tính","DuAn","2"
"báo cáo Hóa làm thuyết trình ez 🔥","Bo co hóa","DuAn","2"
"project môn Cơ sở dữ liệu đang trễ tiến độ 😭","Project cơ sở dữ liệu","DuAn","5"
"báo cáo Hóa làm thuyết trình ez 🔥","Bo co hóa","DuAn","2"
"bao cao Kỹ nyng mềm lom thuyết trenh ez","Bo co kỹ năng mềm","DuAn","2"
"project mon Cd sở dữ liệu aang trễ tiến aộ","Project cơ sở dữ liệu","DuAn","5"
"project môn Mạng máy tính đang trễ tiến độ","Project mạng my tính","DuAn","5"
"project môn Mạng máy tính đang trễ tiến độ ak","Project mạng my tính","DuAn","5"
"báo cáo Mạng máy tính làm thuyết trình ez 😂","Bo co mạng my tính","DuAn","2"
"report Toán làm thuyết trình ez","Bo co ton","DuAn","2"
"báo cáo Mạng máy tính làm thuyết trình ez","Bo co mạng my tính","DuAn","2"
"project môn Cơ sở dữ liệu đang trễ tiến độ","Project cơ sở dữ liệu","DuAn","5"
"báo cáo Triết làm thuyết trình ez vkl","Bo co triết","DuAn","2"
"báo cáo Lập trình làm thuyết trình ez 👍","Bo co lập trình","DuAn","2"
"bao cao Mạng may tinh lom thuyết trenh ez","Bo co mạng my tính","DuAn","2"
"bao cao Triết lom thuyết trenh ez","Bo co triết","DuAn","2"
"báo cáo Triết làm thuyết trình ez","Bo co triết","DuAn","2"
"project môn Cơ sở dữ liệu đang trễ tiến độ","Project cơ sở dữ liệu","DuAn","5"
"project môn Cơ sở dữ liệu đang trễ tiến độ 👍","Project cơ sở dữ liệu","DuAn","5"
"project mon Mạng may tinh aang trễ tiến aộ","Project mạng my tính","DuAn","5"
"báo cáo Hóa làm thuyết trình ez 😂","Bo co hóa","DuAn","2"
"project môn Lập trình đang trễ tiến độ","Project lập trình","DuAn","5"
"báo cáo Triết làm thuyết trình ez","Bo co triết","DuAn","2"
"project môn Mạng máy tính đang trễ tiến độ","Project mạng my tính","DuAn","5"
"report Mạng máy tính làm thuyết trình ez","Bo co mạng my tính","DuAn","2"
"project môn Triết đang trễ tiến độ 😭","Project triết","DuAn","5"
"project môn Mạng máy tính đang trễ tiến độ","Project mạng my tính","DuAn","5"
"project môn Mạng máy tính đang trễ tiến độ 👍","Project mạng my tính","DuAn","5"
"báo cáo Hóa làm thuyết trình ez vkl","Bo co hóa","DuAn","2"
"báo cáo Mạng máy tính làm thuyết trình ez vkl","Bo co mạng my tính","DuAn","2"
"báo cáo Kỹ năng mềm làm thuyết trình ez vkl","Bo co kỹ năng mềm","DuAn","2"
"báo cáo Kỹ năng mềm làm thuyết trình ez","Bo co kỹ năng mềm","DuAn","2"
"project môn Lập trình đang trễ tiến độ","Project lập trình","DuAn","5"
"report Kỹ năng mềm làm thuyết trình ez","Bo co kỹ năng mềm","DuAn","2"
"báo cáo Triết làm thuyết trình ez ak","Bo co triết","DuAn","2"
"project môn Lập trình đang trễ tiến độ 👍","Project lập trình","DuAn","5"
"project mon Toan aang trễ tiến aộ","Project ton","DuAn","5"
"báo cáo Lý làm thuyết trình ez 😂","Bo co lý","DuAn","2"
"report Lý làm thuyết trình ez","Bo co lý","DuAn","2"
"bao cao Hoa lom thuyết trenh ez","Bo co hóa","DuAn","2"
"project môn Hóa đang trễ tiến độ","Project hóa","DuAn","5"
"project môn Cơ sở dữ liệu đang trễ tiến độ 😭","Project cơ sở dữ liệu","DuAn","5"
"báo cáo Mạng máy tính làm thuyết trình ez zz","Bo co mạng my tính","DuAn","2"
"project môn Hóa đang trễ tiến độ 🔥","Project hóa","DuAn","5"
"report Cơ sở dữ liệu làm thuyết trình ez","Bo co cơ sở dữ","DuAn","2"
"báo cáo Mạng máy tính làm thuyết trình ez 🔥","Bo co mạng my tính","DuAn","2"
"bao cao Kỹ nyng mềm lom thuyết trenh ez","Bo co kỹ năng mềm","DuAn","2"
"báo cáo Kỹ năng mềm làm thuyết trình ez 😂","Bo co kỹ năng mềm","DuAn","2"
"báo cáo Mạng máy tính làm thuyết trình ez 😂","Bo co mạng my tính","DuAn","2"
"báo cáo Cơ sở dữ liệu làm thuyết trình ez vkl","Bo co cơ sở dữ","DuAn","2"
"báo cáo Hóa làm thuyết trình ez vkl","Bo co hóa","DuAn","2"
"báo cáo Cơ sở dữ liệu làm thuyết trình ez hz","Bo co cơ sở dữ","DuAn","2"
"báo cáo Triết làm thuyết trình ez 🔥","Bo co triết","DuAn","2"
"báo cáo Hóa làm thuyết trình ez 🔥","Bo co hóa","DuAn","2"
"project môn Toán đang trễ tiến độ","Project ton","DuAn","5"
"project môn Cơ sở dữ liệu đang trễ tiến độ","Project cơ sở dữ liệu","DuAn","5"
"báo cáo Mạng máy tính làm thuyết trình ez 🔥","Bo co mạng my tính","DuAn","2"
"project môn Kỹ năng mềm đang trễ tiến độ 😭","Project kỹ năng mềm","DuAn","5"
"report Lý làm thuyết trình ez","Bo co lý","DuAn","2"
"project môn Cơ sở dữ liệu đang trễ tiến độ","Project cơ sở dữ liệu","DuAn","5"
"báo cáo Cơ sở dữ liệu làm thuyết trình ez 😭","Bo co cơ sở dữ","DuAn","2"
"project mon Lập trenh aang trễ tiến aộ","Project lập trình","DuAn","5"
"project môn Mạng máy tính đang trễ tiến độ","Project mạng my tính","DuAn","5"
"project môn Lập trình đang trễ tiến độ","Project lập trình","DuAn","5"
"project môn Lý đang trễ tiến độ vkl","Project lý","DuAn","5"
"project môn Lý đang trễ tiến độ","Project lý","DuAn","5"
"project mon Cd sở dữ liệu aang trễ tiến aộ","Project cơ sở dữ liệu","DuAn","5"
"project mon Lập trenh aang trễ tiến aộ","Project lập trình","DuAn","5"
"bao cao Lu lom thuyết trenh ez","Bo co lý","DuAn","2"
"project môn Lập trình đang trễ tiến độ vkl","Project lập trình","DuAn","5"
"project môn Mạng máy tính đang trễ tiến độ","Project mạng my tính","DuAn","5"
"project môn Hóa đang trễ tiến độ","Project hóa","DuAn","5"
"báo cáo Toán làm thuyết trình ez","Bo co ton","DuAn","2"
"báo cáo Cơ sở dữ liệu làm thuyết trình ez","Bo co cơ sở dữ","DuAn","2"
"project mon Kỹ nyng mềm aang trễ tiến aộ","Project kỹ năng mềm","DuAn","5"
"project môn Cơ sở dữ liệu đang trễ tiến độ","Project cơ sở dữ liệu","DuAn","5"
"báo cáo Kỹ năng mềm làm thuyết trình ez","Bo co kỹ năng mềm","DuAn","2"
"báo cáo Hóa làm thuyết trình ez","Bo co hóa","DuAn","2"
"báo cáo Kỹ năng mềm làm thuyết trình ez 🔥","Bo co kỹ năng mềm","DuAn","2"
"project môn Lập trình đang trễ tiến độ","Project lập trình","DuAn","5"
"project môn Lập trình đang trễ tiến độ 😭","Project lập trình","DuAn","5"
"báo cáo Toán làm thuyết trình ez 😭","Bo co ton","DuAn","2"
"báo cáo Lý làm thuyết trình ez","Bo co lý","DuAn","2"
"bao cao Mạng may tinh lom thuyết trenh ez","Bo co mạng my tính","DuAn","2"
"project môn Mạng máy tính đang trễ tiến độ","Project mạng my tính","DuAn","5"
"project mon Hoa aang trễ tiến aộ","Project hóa","DuAn","5"
"report Kỹ năng mềm làm thuyết trình ez","Bo co kỹ năng mềm","DuAn","2"
"báo cáo Toán làm thuyết trình ez","Bo co ton","DuAn","2"
"báo cáo Lý làm thuyết trình ez","Bo co lý","DuAn","2"
"project mon Cd sở dữ liệu aang trễ tiến aộ","Project cơ sở dữ liệu","DuAn","5"
"project môn Triết đang trễ tiến độ","Project triết","DuAn","5"
"project mon Hoa aang trễ tiến aộ","Project hóa","DuAn","5"
"project môn Cơ sở dữ liệu đang trễ tiến độ zz","Project cơ sở dữ liệu","DuAn","5"
"project mon Toan aang trễ tiến aộ","Project ton","DuAn","5"
"project môn Kỹ năng mềm đang trễ tiến độ","Project kỹ năng mềm","DuAn","5"
"project môn Hóa đang trễ tiến độ","Project hóa","DuAn","5"
"project môn Cơ sở dữ liệu đang trễ tiến độ hz","Project cơ sở dữ liệu","DuAn","5"
"báo cáo Mạng máy tính làm thuyết trình ez","Bo co mạng my tính","DuAn","2"
"bao cao Lập trenh lom thuyết trenh ez","Bo co lập trình","DuAn","2"
"project môn Triết đang trễ tiến độ 🔥","Project triết","DuAn","5"
"project môn Mạng máy tính đang trễ tiến độ","Project mạng my tính","DuAn","5"
"báo cáo Hóa làm thuyết trình ez 😂","Bo co hóa","DuAn","2"
"project môn Kỹ năng mềm đang trễ tiến độ 👍","Project kỹ năng mềm","DuAn","5"
"project môn Lý đang trễ tiến độ","Project lý","DuAn","5"
"project môn Cơ sở dữ liệu đang trễ tiến độ 😭","Project cơ sở dữ liệu","DuAn","5"
"báo cáo Kỹ năng mềm làm thuyết trình ez","Bo co kỹ năng mềm","DuAn","2"
"project môn Hóa đang trễ tiến độ 😭","Project hóa","DuAn","5"
"project mon Lu aang trễ tiến aộ","Project lý","DuAn","5"
"báo cáo Lý làm thuyết trình ez 🔥","Bo co lý","DuAn","2"
"project mon Toan aang trễ tiến aộ","Project ton","DuAn","5"
"báo cáo Cơ sở dữ liệu làm thuyết trình ez","Bo co cơ sở dữ","DuAn","2"
"báo cáo Triết làm thuyết trình ez","Bo co triết","DuAn","2"
"báo cáo Kỹ năng mềm làm thuyết trình ez ak","Bo co kỹ năng mềm","DuAn","2"
"project môn Lý đang trễ tiến độ hz","Project lý","DuAn","5"
"project môn Lập trình đang trễ tiến độ ak","Project lập trình","DuAn","5"
"project môn Triết đang trễ tiến độ","Project triết","DuAn","5"
"báo cáo Toán làm thuyết trình ez 🔥","Bo co ton","DuAn","2"
"project môn Mạng máy tính đang trễ tiến độ","Project mạng my tính","DuAn","5"
"báo cáo Kỹ năng mềm làm thuyết trình ez","Bo co kỹ năng mềm","DuAn","2"
"báo cáo Lập trình làm thuyết trình ez","Bo co lập trình","DuAn","2"
"báo cáo Kỹ năng mềm làm thuyết trình ez","Bo co kỹ năng mềm","DuAn","2"
"bao cao Mạng may tinh lom thuyết trenh ez","Bo co mạng my tính","DuAn","2"
"project môn Lý đang trễ tiến độ zz","Project lý","DuAn","5"
"project môn Mạng máy tính đang trễ tiến độ","Project mạng my tính","DuAn","5"
"project mon Lu aang trễ tiến aộ","Project lý","DuAn","5"
"báo cáo Kỹ năng mềm làm thuyết trình ez 😭","Bo co kỹ năng mềm","DuAn","2"
"bao cao Cd sở dữ liệu lom thuyết trenh ez","Bo co cơ sở dữ","DuAn","2"
"báo cáo Lập trình làm thuyết trình ez vkl","Bo co lập trình","DuAn","2"
"project môn Triết đang trễ tiến độ","Project triết","DuAn","5"
"project môn Hóa đang trễ tiến độ","Project hóa","DuAn","5"
"báo cáo Lý làm thuyết trình ez 🔥","Bo co lý","DuAn","2"
"project môn Triết đang trễ tiến độ","Project triết","DuAn","5"
"report Kỹ năng mềm làm thuyết trình ez","Bo co kỹ năng mềm","DuAn","2"
"project môn Cơ sở dữ liệu đang trễ tiến độ 😭","Project cơ sở dữ liệu","DuAn","5"
"project mon Lập trenh aang trễ tiến aộ","Project lập trình","DuAn","5"
"ngồi coy lại Kỹ nyng mềm mệt vl 😭","Cày kỹ năng mềm","OnTap","5"
"cuối tuần phải review lại Toan cho kỹ","Review ton","OnTap","4"
"cuối tuần phải review lại Toán cho kỹ 🔥","Review ton","OnTap","4"
"hôm nay ôn tập Cơ sở dữ liệu nhé mọi người 😭","Ôn tập cơ sở dữ","OnTap","3"
"cuối tuần phải review lại Mạng máy tính cho kỹ","Review mạng my tính","OnTap","4"
"hôm nay ôn tập Cơ sở dữ liệu nhé mọi người","Ôn tập cơ sở dữ","OnTap","3"
"hôm nay ôn tập Lý nhé mọi người zz","Ôn tập lý","OnTap","3"
"ôn Triết sương sương thôi","Ôn triết","OnTap","2"
"hôm nay ôn tập Lý nhé mọi người 😂","Ôn tập lý","OnTap","3"
"ôn Lý sương sương thôi 👍","Ôn lý","OnTap","2"
"cuối tuần phải review lại Lý cho kỹ","Review lý","OnTap","4"
"ngồi coy lại Toan mệt vl 😭","Cày ton","OnTap","5"
"ôn Triết sương sương thôi ak","Ôn triết","OnTap","2"
"ngồi coy lại Cd sở dữ liệu mệt vl 😭","Cày cơ sở dữ liệu","OnTap","5"
"cuối tuần phải review lại Cd sở dữ liệu cho kỹ","Review cơ sở dữ liệu","OnTap","4"
"hôm nay ôn tập Triết nhé mọi người 😂","Ôn tập triết","OnTap","3"
"ôn Lập trình sương sương thôi 🔥","Ôn lập trình","OnTap","2"
"ngồi cày lại Lập trình mệt vl 😭 🔥","Cày lập trình","OnTap","5"
"cuối tuần phải review lại Lập trình cho kỹ 😭","Review lập trình","OnTap","4"
"cuối tuần phải review lại Cơ sở dữ liệu cho kỹ","Review cơ sở dữ liệu","OnTap","4"
"ôn Lý sương sương thôi 😂","Ôn lý","OnTap","2"
"ngồi coy lại Lập trenh mệt vl 😭","Cày lập trình","OnTap","5"
"ngồi cày lại Kỹ năng mềm mệt vl 😭","Cày kỹ năng mềm","OnTap","5"
"hôm nay ôn tập Toán nhé mọi người","Ôn tập ton","OnTap","3"
"ôn Lý sương sương thôi 👍","Ôn lý","OnTap","2"
"ôn Triết sương sương thôi 😂","Ôn triết","OnTap","2"
"ôn Hóa sương sương thôi","Ôn hóa","OnTap","2"
"ngồi cày lại Mạng máy tính mệt vl 😭 zz","Cày mạng my tính","OnTap","5"
"cuối tuần phải review lại Lý cho kỹ","Review lý","OnTap","4"
"on Triết sưdng sưdng thoi","Ôn triết","OnTap","2"
"ôn Kỹ năng mềm sương sương thôi","Ôn kỹ năng mềm","OnTap","2"
"hôm nay ôn tập Kỹ năng mềm nhé mọi người","Ôn tập kỹ năng mềm","OnTap","3"
"ngồi cày lại Lý mệt vl 😭","Cày lý","OnTap","5"
"cuối tuần phải review lại Triết cho kỹ","Review triết","OnTap","4"
"ngồi cày lại Triết mệt vl 😭","Cày triết","OnTap","5"
"ôn Lập trình sương sương thôi","Ôn lập trình","OnTap","2"
"ôn Toán sương sương thôi vkl","Ôn ton","OnTap","2"
"ngồi cày lại Lý mệt vl 😭","Cày lý","OnTap","5"
"ngồi cày lại Triết mệt vl 😭 👍","Cày triết","OnTap","5"
"hôm nay ôn tập Hóa nhé mọi người zz","Ôn tập hóa","OnTap","3"
"ngồi cày lại Triết mệt vl 😭","Cày triết","OnTap","5"
"ngồi cày lại Mạng máy tính mệt vl 😭","Cày mạng my tính","OnTap","5"
"hôm nay ôn tập Hóa nhé mọi người","Ôn tập hóa","OnTap","3"
"ôn Toán sương sương thôi vkl","Ôn ton","OnTap","2"
"cuối tuần phải review lại Cơ sở dữ liệu cho kỹ","Review cơ sở dữ liệu","OnTap","4"
"ôn Mạng máy tính sương sương thôi","Ôn mạng my tính","OnTap","2"
"ngồi cày lại Kỹ năng mềm mệt vl 😭 hz","Cày kỹ năng mềm","OnTap","5"
"cuối tuần phải review lại Triết cho kỹ 👍","Review triết","OnTap","4"
"cuối tuần phải review lại Kỹ nyng mềm cho kỹ","Review kỹ năng mềm","OnTap","4"
"ôn Lý sương sương thôi hz","Ôn lý","OnTap","2"
"on Kỹ nyng mềm sưdng sưdng thoi","Ôn kỹ năng mềm","OnTap","2"
"cuối tuần phải review lại Mạng máy tính cho kỹ","Review mạng my tính","OnTap","4"
"ôn Triết sương sương thôi hz","Ôn triết","OnTap","2"
"cuối tuần phải review lại Kỹ năng mềm cho kỹ","Review kỹ năng mềm","OnTap","4"
"cuối tuần phải review lại Lập trình cho kỹ","Review lập trình","OnTap","4"
"hôm nay ôn tập Kỹ năng mềm nhé mọi người 😭","Ôn tập kỹ năng mềm","OnTap","3"
"on Kỹ nyng mềm sưdng sưdng thoi","Ôn kỹ năng mềm","OnTap","2"
"hôm nay ôn tập Lập trình nhé mọi người","Ôn tập lập trình","OnTap","3"
"ôn Triết sương sương thôi 😭","Ôn triết","OnTap","2"
"cuối tuần phải review lại Lý cho kỹ","Review lý","OnTap","4"
"ngồi cày lại Toán mệt vl 😭 😭","Cày ton","OnTap","5"
"ngồi coy lại Triết mệt vl 😭","Cày triết","OnTap","5"
"hôm nay ôn tập Mạng máy tính nhé mọi người","Ôn tập mạng my tính","OnTap","3"
"hôm nay ôn tập Mạng máy tính nhé mọi người","Ôn tập mạng my tính","OnTap","3"
"hôm nay ôn tập Cơ sở dữ liệu nhé mọi người zz","Ôn tập cơ sở dữ","OnTap","3"
"cuối tuần phải review lại Toán cho kỹ","Review ton","OnTap","4"
"hôm nay ôn tập Cơ sở dữ liệu nhé mọi người","Ôn tập cơ sở dữ","OnTap","3"
"ngồi cày lại Hóa mệt vl 😭","Cày hóa","OnTap","5"
"on Cd sở dữ liệu sưdng sưdng thoi","Ôn cơ sở dữ liệu","OnTap","2"
"ngồi cày lại Triết mệt vl 😭","Cày triết","OnTap","5"
"ôn Lý sương sương thôi ak","Ôn lý","OnTap","2"
"cuối tuần phải review lại Kỹ năng mềm cho kỹ 🔥","Review kỹ năng mềm","OnTap","4"
"hôm nay ôn tập Lý nhé mọi người","Ôn tập lý","OnTap","3"
"ôn Kỹ năng mềm sương sương thôi","Ôn kỹ năng mềm","OnTap","2"
"hôm nay ôn tập Mạng máy tính nhé mọi người ak","Ôn tập mạng my tính","OnTap","3"
"hom nay on tập Toan nhe mọi người","Ôn tập ton","OnTap","3"
"on Triết sưdng sưdng thoi","Ôn triết","OnTap","2"
"ngồi cày lại Cơ sở dữ liệu mệt vl 😭","Cày cơ sở dữ liệu","OnTap","5"
"hôm nay ôn tập Mạng máy tính nhé mọi người","Ôn tập mạng my tính","OnTap","3"
"hôm nay ôn tập Mạng máy tính nhé mọi người 😂","Ôn tập mạng my tính","OnTap","3"
"hôm nay ôn tập Mạng máy tính nhé mọi người","Ôn tập mạng my tính","OnTap","3"
"ôn Lập trình sương sương thôi","Ôn lập trình","OnTap","2"
"ôn Lập trình sương sương thôi","Ôn lập trình","OnTap","2"
"ôn Triết sương sương thôi","Ôn triết","OnTap","2"
"ngồi cày lại Mạng máy tính mệt vl 😭 👍","Cày mạng my tính","OnTap","5"
"ngồi cày lại Cơ sở dữ liệu mệt vl 😭 😂","Cày cơ sở dữ liệu","OnTap","5"
"ôn Hóa sương sương thôi","Ôn hóa","OnTap","2"
"hôm nay ôn tập Triết nhé mọi người","Ôn tập triết","OnTap","3"
"ôn Lập trình sương sương thôi 😭","Ôn lập trình","OnTap","2"
"cuối tuần phải review lại Lập trình cho kỹ vkl","Review lập trình","OnTap","4"
"hôm nay ôn tập Cơ sở dữ liệu nhé mọi người","Ôn tập cơ sở dữ","OnTap","3"
"ôn Mạng máy tính sương sương thôi 😭","Ôn mạng my tính","OnTap","2"
"cuối tuần phải review lại Lập trình cho kỹ 😂","Review lập trình","OnTap","4"
"ngồi cày lại Kỹ năng mềm mệt vl 😭","Cày kỹ năng mềm","OnTap","5"
"cuối tuần phải review lại Mạng máy tính cho kỹ 😂","Review mạng my tính","OnTap","4"
"cuối tuần phải review lại Triết cho kỹ","Review triết","OnTap","4"
"cuối tuần phải review lại Kỹ năng mềm cho kỹ","Review kỹ năng mềm","OnTap","4"
"hôm nay ôn tập Lý nhé mọi người","Ôn tập lý","OnTap","3"
"hôm nay ôn tập Lập trình nhé mọi người","Ôn tập lập trình","OnTap","3"
"ôn Lý sương sương thôi 👍","Ôn lý","OnTap","2"
"ôn Mạng máy tính sương sương thôi","Ôn mạng my tính","OnTap","2"
"hom nay on tập Toan nhe mọi người","Ôn tập ton","OnTap","3"
"ngồi cày lại Cơ sở dữ liệu mệt vl 😭","Cày cơ sở dữ liệu","OnTap","5"
"cuối tuần phải review lại Lý cho kỹ","Review lý","OnTap","4"
"hôm nay ôn tập Cơ sở dữ liệu nhé mọi người","Ôn tập cơ sở dữ","OnTap","3"
"hôm nay ôn tập Hóa nhé mọi người 🔥","Ôn tập hóa","OnTap","3"
"hom nay on tập Cd sở dữ liệu nhe mọi người","Ôn tập cơ sở dữ","OnTap","3"
"ngồi cày lại Hóa mệt vl 😭","Cày hóa","OnTap","5"
"hôm nay ôn tập Toán nhé mọi người","Ôn tập ton","OnTap","3"
"ôn Lý sương sương thôi","Ôn lý","OnTap","2"
"hôm nay ôn tập Triết nhé mọi người 😭","Ôn tập triết","OnTap","3"
"ngồi coy lại Hoa mệt vl 😭","Cày hóa","OnTap","5"
"ôn Triết sương sương thôi","Ôn triết","OnTap","2"
"hôm nay ôn tập Kỹ năng mềm nhé mọi người 😂","Ôn tập kỹ năng mềm","OnTap","3"
"ngồi cày lại Kỹ năng mềm mệt vl 😭 zz","Cày kỹ năng mềm","OnTap","5"
"hôm nay ôn tập Kỹ năng mềm nhé mọi người zz","Ôn tập kỹ năng mềm","OnTap","3"
"cuối tuần phải review lại Hóa cho kỹ hz","Review hóa","OnTap","4"
"ngồi cày lại Toán mệt vl 😭 vkl","Cày ton","OnTap","5"
"hôm nay ôn tập Cơ sở dữ liệu nhé mọi người","Ôn tập cơ sở dữ","OnTap","3"
"cuối tuần phải review lại Toan cho kỹ","Review ton","OnTap","4"
"ôn Triết sương sương thôi vkl","Ôn triết","OnTap","2"
"cuối tuần phải review lại Cơ sở dữ liệu cho kỹ","Review cơ sở dữ liệu","OnTap","4"
"cuối tuần phải review lại Toan cho kỹ","Review ton","OnTap","4"
"ngồi coy lại Mạng may tinh mệt vl 😭","Cày mạng my tính","OnTap","5"
"on Hoa sưdng sưdng thoi","Ôn hóa","OnTap","2"
"cuối tuần phải review lại Mạng máy tính cho kỹ","Review mạng my tính","OnTap","4"
"hôm nay ôn tập Kỹ năng mềm nhé mọi người zz","Ôn tập kỹ năng mềm","OnTap","3"
"ngồi cày lại Kỹ năng mềm mệt vl 😭 hz","Cày kỹ năng mềm","OnTap","5"
"ôn Lý sương sương thôi","Ôn lý","OnTap","2"
"cuối tuần phải review lại Lập trenh cho kỹ","Review lập trình","OnTap","4"
"ôn Cơ sở dữ liệu sương sương thôi","Ôn cơ sở dữ liệu","OnTap","2"
"cuối tuần phải review lại Lập trình cho kỹ","Review lập trình","OnTap","4"
"hôm nay ôn tập Kỹ năng mềm nhé mọi người","Ôn tập kỹ năng mềm","OnTap","3"
"on Toan sưdng sưdng thoi","Ôn ton","OnTap","2"
"hom nay on tập Kỹ nyng mềm nhe mọi người","Ôn tập kỹ năng mềm","OnTap","3"
"ôn Lý sương sương thôi vkl","Ôn lý","OnTap","2"
"hôm nay ôn tập Cơ sở dữ liệu nhé mọi người vkl","Ôn tập cơ sở dữ","OnTap","3"
"cuối tuần phải review lại Toán cho kỹ 😂","Review ton","OnTap","4"
"ngồi cày lại Toán mệt vl 😭","Cày ton","OnTap","5"
"cuối tuần phải review lại Lập trenh cho kỹ","Review lập trình","OnTap","4"
"cuối tuần phải review lại Lý cho kỹ ak","Review lý","OnTap","4"
"ngồi coy lại Triết mệt vl 😭","Cày triết","OnTap","5"
"hôm nay ôn tập Kỹ năng mềm nhé mọi người","Ôn tập kỹ năng mềm","OnTap","3"
"ôn Hóa sương sương thôi","Ôn hóa","OnTap","2"
"ngồi cày lại Lập trình mệt vl 😭","Cày lập trình","OnTap","5"
"cuối tuần phải review lại Triết cho kỹ ak","Review triết","OnTap","4"
"hôm nay ôn tập Hóa nhé mọi người","Ôn tập hóa","OnTap","3"
"ôn Kỹ năng mềm sương sương thôi vkl","Ôn kỹ năng mềm","OnTap","2"
"nhớ mang theo laptop thực hành Kỹ năng mềm nha vkl","Mang laptop kỹ năng mềm","NhacNho","2"
"aừng quen nộp lệ phi học Kỹ nyng mềm ae di","Nộp lệ phí kỹ năng","OnTap","1"
"đừng quên nộp lệ phí học Toán ae ơi","Nộp lệ phí ton","OnTap","1"
"chú ý lịch học bù Kỹ năng mềm tuần sau","Lịch học bù kỹ năng","OnTap","2"
"nhớ mang theo laptop thực hành Triết nha 😭","Mang laptop triết","NhacNho","2"
"chú ý lịch học bù Mạng máy tính tuần sau","Lịch học bù mạng my","OnTap","2"
"nhớ mang theo laptop thực hành Hóa nha","Mang laptop hóa","NhacNho","2"
"chú ý lịch học bù Kỹ năng mềm tuần sau","Lịch học bù kỹ năng","OnTap","2"
"chu u lịch học bo Mạng may tinh tuần sau","Lịch học bù mạng my","OnTap","2"
"nhớ mang theo laptop thực hành Cơ sở dữ liệu nha","Mang laptop cơ sở dữ","NhacNho","2"
"nhớ mang theo laptop thực hành Triết nha 😂","Mang laptop triết","NhacNho","2"
"đừng quên nộp lệ phí học Lý ae ơi","Nộp lệ phí lý","OnTap","1"
"chú ý lịch học bù Hóa tuần sau 👍","Lịch học bù hóa","OnTap","2"
"chu u lịch học bo Kỹ nyng mềm tuần sau","Lịch học bù kỹ năng","OnTap","2"
"nhớ mang theo laptop thực hành Lập trình nha 👍","Mang laptop lập trình","NhacNho","2"
"đừng quên nộp lệ phí học Mạng máy tính ae ơi 😭","Nộp lệ phí mạng my","OnTap","1"
"chú ý lịch học bù Cơ sở dữ liệu tuần sau","Lịch học bù cơ sở","OnTap","2"
"nhớ mang theo laptop thực hành Mạng máy tính nha","Mang laptop mạng my tính","NhacNho","2"
"nhớ mang theo laptop thực honh Lập trenh nha","Mang laptop lập trình","NhacNho","2"
"nhớ mang theo laptop thực hành Kỹ năng mềm nha","Mang laptop kỹ năng mềm","NhacNho","2"
"đừng quên nộp lệ phí học Triết ae ơi 👍","Nộp lệ phí triết","OnTap","1"
"chú ý lịch học bù Cơ sở dữ liệu tuần sau 🔥","Lịch học bù cơ sở","OnTap","2"
"chú ý lịch học bù Hóa tuần sau","Lịch học bù hóa","OnTap","2"
"đừng quên nộp lệ phí học Mạng máy tính ae ơi ak","Nộp lệ phí mạng my","OnTap","1"
"chú ý lịch học bù Kỹ năng mềm tuần sau 😭","Lịch học bù kỹ năng","OnTap","2"
"nhớ mang theo laptop thực hành Cơ sở dữ liệu nha zz","Mang laptop cơ sở dữ","NhacNho","2"
"nhớ mang theo laptop thực hành Toán nha","Mang laptop ton","NhacNho","2"
"đừng quên nộp lệ phí học Mạng máy tính ae ơi","Nộp lệ phí mạng my","OnTap","1"
"đừng quên nộp lệ phí học Lý ae ơi 🔥","Nộp lệ phí lý","OnTap","1"
"chu u lịch học bo Toan tuần sau","Lịch học bù ton","OnTap","2"
"đừng quên nộp lệ phí học Triết ae ơi","Nộp lệ phí triết","OnTap","1"
"đừng quên nộp lệ phí học Hóa ae ơi zz","Nộp lệ phí hóa","OnTap","1"
"nhớ mang theo laptop thực hành Triết nha","Mang laptop triết","NhacNho","2"
"nhớ mang theo laptop thực honh Lu nha","Mang laptop lý","NhacNho","2"
"chú ý lịch học bù Toán tuần sau 😭","Lịch học bù ton","OnTap","2"
"chú ý lịch học bù Triết tuần sau","Lịch học bù triết","OnTap","2"
"đừng quên nộp lệ phí học Mạng máy tính ae ơi","Nộp lệ phí mạng my","OnTap","1"
"chú ý lịch học bù Hóa tuần sau","Lịch học bù hóa","OnTap","2"
"chú ý lịch học bù Cơ sở dữ liệu tuần sau","Lịch học bù cơ sở","OnTap","2"
"chú ý lịch học bù Mạng máy tính tuần sau","Lịch học bù mạng my","OnTap","2"
"chú ý lịch học bù Lý tuần sau","Lịch học bù lý","OnTap","2"
"aừng quen nộp lệ phi học Mạng may tinh ae di","Nộp lệ phí mạng my","OnTap","1"
"aừng quen nộp lệ phi học Hoa ae di","Nộp lệ phí hóa","OnTap","1"
"nhớ mang theo laptop thực hành Triết nha 👍","Mang laptop triết","NhacNho","2"
"nhớ mang theo laptop thực hành Lý nha","Mang laptop lý","NhacNho","2"
"chú ý lịch học bù Lập trình tuần sau 😭","Lịch học bù lập trình","OnTap","2"
"nhớ mang theo laptop thực hành Mạng máy tính nha","Mang laptop mạng my tính","NhacNho","2"
"aừng quen nộp lệ phi học Lập trenh ae di","Nộp lệ phí lập trình","OnTap","1"
"chu u lịch học bo Triết tuần sau","Lịch học bù triết","OnTap","2"
"chú ý lịch học bù Cơ sở dữ liệu tuần sau","Lịch học bù cơ sở","OnTap","2"
"chú ý lịch học bù Mạng máy tính tuần sau","Lịch học bù mạng my","OnTap","2"
"nhớ mang theo laptop thực hành Triết nha","Mang laptop triết","NhacNho","2"
"chú ý lịch học bù Lý tuần sau","Lịch học bù lý","OnTap","2"
"nhớ mang theo laptop thực hành Hóa nha 👍","Mang laptop hóa","NhacNho","2"
"đừng quên nộp lệ phí học Mạng máy tính ae ơi","Nộp lệ phí mạng my","OnTap","1"
"chú ý lịch học bù Kỹ năng mềm tuần sau","Lịch học bù kỹ năng","OnTap","2"
"aừng quen nộp lệ phi học Lập trenh ae di","Nộp lệ phí lập trình","OnTap","1"
"chú ý lịch học bù Lập trình tuần sau","Lịch học bù lập trình","OnTap","2"
"chu u lịch học bo Cd sở dữ liệu tuần sau","Lịch học bù cơ sở","OnTap","2"
"đừng quên nộp lệ phí học Kỹ năng mềm ae ơi","Nộp lệ phí kỹ năng","OnTap","1"
"nhớ mang theo laptop thực hành Kỹ năng mềm nha","Mang laptop kỹ năng mềm","NhacNho","2"
"aừng quen nộp lệ phi học Lập trenh ae di","Nộp lệ phí lập trình","OnTap","1"
"nhớ mang theo laptop thực hành Mạng máy tính nha","Mang laptop mạng my tính","NhacNho","2"
"nhớ mang theo laptop thực hành Kỹ năng mềm nha","Mang laptop kỹ năng mềm","NhacNho","2"
"nhớ mang theo laptop thực hành Hóa nha","Mang laptop hóa","NhacNho","2"
"đừng quên nộp lệ phí học Hóa ae ơi 😂","Nộp lệ phí hóa","OnTap","1"
"đừng quên nộp lệ phí học Toán ae ơi","Nộp lệ phí ton","OnTap","1"
"chú ý lịch học bù Triết tuần sau","Lịch học bù triết","OnTap","2"
"chu u lịch học bo Toan tuần sau","Lịch học bù ton","OnTap","2"
"nhớ mang theo laptop thực honh Triết nha","Mang laptop triết","NhacNho","2"
"đừng quên nộp lệ phí học Mạng máy tính ae ơi hz","Nộp lệ phí mạng my","OnTap","1"
"nhớ mang theo laptop thực hành Toán nha","Mang laptop ton","NhacNho","2"
"nhớ mang theo laptop thực honh Mạng may tinh nha","Mang laptop mạng my tính","NhacNho","2"
"chú ý lịch học bù Triết tuần sau","Lịch học bù triết","OnTap","2"
"chu u lịch học bo Cd sở dữ liệu tuần sau","Lịch học bù cơ sở","OnTap","2"
"đừng quên nộp lệ phí học Lập trình ae ơi 😭","Nộp lệ phí lập trình","OnTap","1"
"nhớ mang theo laptop thực hành Lập trình nha","Mang laptop lập trình","NhacNho","2"
"chú ý lịch học bù Kỹ năng mềm tuần sau","Lịch học bù kỹ năng","OnTap","2"
"chú ý lịch học bù Hóa tuần sau","Lịch học bù hóa","OnTap","2"
"chu u lịch học bo Mạng may tinh tuần sau","Lịch học bù mạng my","OnTap","2"
"nhớ mang theo laptop thực honh Toan nha","Mang laptop ton","NhacNho","2"
"đừng quên nộp lệ phí học Lý ae ơi","Nộp lệ phí lý","OnTap","1"
"nhớ mang theo laptop thực hành Lý nha","Mang laptop lý","NhacNho","2"
"đừng quên nộp lệ phí học Mạng máy tính ae ơi zz","Nộp lệ phí mạng my","OnTap","1"
"nhớ mang theo laptop thực honh Lập trenh nha","Mang laptop lập trình","NhacNho","2"
"nhớ mang theo laptop thực hành Lập trình nha","Mang laptop lập trình","NhacNho","2"
"chú ý lịch học bù Triết tuần sau","Lịch học bù triết","OnTap","2"
"nhớ mang theo laptop thực hành Lý nha","Mang laptop lý","NhacNho","2"
"chú ý lịch học bù Kỹ năng mềm tuần sau zz","Lịch học bù kỹ năng","OnTap","2"
"chú ý lịch học bù Lập trình tuần sau","Lịch học bù lập trình","OnTap","2"
"đừng quên nộp lệ phí học Cơ sở dữ liệu ae ơi 😂","Nộp lệ phí cơ sở","OnTap","1"
"chu u lịch học bo Toan tuần sau","Lịch học bù ton","OnTap","2"
"aừng quen nộp lệ phi học Lập trenh ae di","Nộp lệ phí lập trình","OnTap","1"
"nhớ mang theo laptop thực hành Lập trình nha 🔥","Mang laptop lập trình","NhacNho","2"
"đừng quên nộp lệ phí học Lý ae ơi hz","Nộp lệ phí lý","OnTap","1"
"nhớ mang theo laptop thực hành Lập trình nha","Mang laptop lập trình","NhacNho","2"
"nhớ mang theo laptop thực hành Lập trình nha","Mang laptop lập trình","NhacNho","2"
"chú ý lịch học bù Toán tuần sau","Lịch học bù ton","OnTap","2"
"đừng quên nộp lệ phí học Hóa ae ơi","Nộp lệ phí hóa","OnTap","1"
"nhớ mang theo laptop thực hành Lập trình nha 👍","Mang laptop lập trình","NhacNho","2"
"chú ý lịch học bù Lập trình tuần sau zz","Lịch học bù lập trình","OnTap","2"
"chú ý lịch học bù Lý tuần sau","Lịch học bù lý","OnTap","2"
"nhớ mang theo laptop thực hành Mạng máy tính nha","Mang laptop mạng my tính","NhacNho","2"
"nhớ mang theo laptop thực hành Mạng máy tính nha 🔥","Mang laptop mạng my tính","NhacNho","2"
"chú ý lịch học bù Lập trình tuần sau","Lịch học bù lập trình","OnTap","2"
"chú ý lịch học bù Triết tuần sau 😂","Lịch học bù triết","OnTap","2"
"chú ý lịch học bù Lý tuần sau","Lịch học bù lý","OnTap","2"
"chú ý lịch học bù Lập trình tuần sau","Lịch học bù lập trình","OnTap","2"
"nhớ mang theo laptop thực hành Hóa nha","Mang laptop hóa","NhacNho","2"
"nhớ mang theo laptop thực hành Cơ sở dữ liệu nha","Mang laptop cơ sở dữ","NhacNho","2"
"chú ý lịch học bù Kỹ năng mềm tuần sau","Lịch học bù kỹ năng","OnTap","2"
"đừng quên nộp lệ phí học Lập trình ae ơi","Nộp lệ phí lập trình","OnTap","1"
"đừng quên nộp lệ phí học Lập trình ae ơi 👍","Nộp lệ phí lập trình","OnTap","1"
"chú ý lịch học bù Triết tuần sau","Lịch học bù triết","OnTap","2"
"aừng quen nộp lệ phi học Kỹ nyng mềm ae di","Nộp lệ phí kỹ năng","OnTap","1"
"chú ý lịch học bù Cơ sở dữ liệu tuần sau","Lịch học bù cơ sở","OnTap","2"
"chú ý lịch học bù Mạng máy tính tuần sau","Lịch học bù mạng my","OnTap","2"
"đừng quên nộp lệ phí học Cơ sở dữ liệu ae ơi","Nộp lệ phí cơ sở","OnTap","1"
"chú ý lịch học bù Lý tuần sau","Lịch học bù lý","OnTap","2"
"chu u lịch học bo Lập trenh tuần sau","Lịch học bù lập trình","OnTap","2"
"chú ý lịch học bù Mạng máy tính tuần sau","Lịch học bù mạng my","OnTap","2"
"aừng quen nộp lệ phi học Toan ae di","Nộp lệ phí ton","OnTap","1"
"đừng quên nộp lệ phí học Cơ sở dữ liệu ae ơi","Nộp lệ phí cơ sở","OnTap","1"
"nhớ mang theo laptop thực hành Lập trình nha vkl","Mang laptop lập trình","NhacNho","2"
"nhớ mang theo laptop thực honh Hoa nha","Mang laptop hóa","NhacNho","2"
"đừng quên nộp lệ phí học Cơ sở dữ liệu ae ơi 🔥","Nộp lệ phí cơ sở","OnTap","1"
"đừng quên nộp lệ phí học Mạng máy tính ae ơi 🔥","Nộp lệ phí mạng my","OnTap","1"
"chú ý lịch học bù Lập trình tuần sau","Lịch học bù lập trình","OnTap","2"
"nhớ mang theo laptop thực hành Toán nha","Mang laptop ton","NhacNho","2"
"nhớ mang theo laptop thực hành Mạng máy tính nha 😭","Mang laptop mạng my tính","NhacNho","2"
"aừng quen nộp lệ phi học Lập trenh ae di","Nộp lệ phí lập trình","OnTap","1"
"chú ý lịch học bù Kỹ năng mềm tuần sau","Lịch học bù kỹ năng","OnTap","2"
"nhớ mang theo laptop thực hành Lập trình nha 😭","Mang laptop lập trình","NhacNho","2"
"nhớ mang theo laptop thực hành Cơ sở dữ liệu nha","Mang laptop cơ sở dữ","NhacNho","2"
"nhớ mang theo laptop thực hành Toán nha","Mang laptop ton","NhacNho","2"
"chú ý lịch học bù Hóa tuần sau 👍","Lịch học bù hóa","OnTap","2"
"đừng quên nộp lệ phí học Triết ae ơi","Nộp lệ phí triết","OnTap","1"
"đừng quên nộp lệ phí học Hóa ae ơi zz","Nộp lệ phí hóa","OnTap","1"
"chú ý lịch học bù Mạng máy tính tuần sau 😂","Lịch học bù mạng my","OnTap","2"
"nhớ mang theo laptop thực hành Hóa nha","Mang laptop hóa","NhacNho","2"
"nhớ mang theo laptop thực hành Cơ sở dữ liệu nha 😭","Mang laptop cơ sở dữ","NhacNho","2"
"nhớ mang theo laptop thực hành Lập trình nha","Mang laptop lập trình","NhacNho","2"
"đừng quên nộp lệ phí học Lý ae ơi 😂","Nộp lệ phí lý","OnTap","1"
"chú ý lịch học bù Triết tuần sau 😭","Lịch học bù triết","OnTap","2"
"aừng quen nộp lệ phi học Triết ae di","Nộp lệ phí triết","OnTap","1"
"nhớ mang theo laptop thực hành Mạng máy tính nha","Mang laptop mạng my tính","NhacNho","2"
"chú ý lịch học bù Hóa tuần sau 🔥","Lịch học bù hóa","OnTap","2"
"nhớ mang theo laptop thực hành Triết nha","Mang laptop triết","NhacNho","2"
"chú ý lịch học bù Hóa tuần sau 😭","Lịch học bù hóa","OnTap","2"
"đừng quên nộp lệ phí học Kỹ năng mềm ae ơi","Nộp lệ phí kỹ năng","OnTap","1"
"nhớ mang theo laptop thực hành Lý nha","Mang laptop lý","NhacNho","2"
"chu u lịch học bo Lu tuần sau","Lịch học bù lý","OnTap","2"
"nhớ mang theo laptop thực hành Triết nha","Mang laptop triết","NhacNho","2"
"nhớ mang theo laptop thực honh Mạng may tinh nha","Mang laptop mạng my tính","NhacNho","2"
"chu u lịch học bo Cd sở dữ liệu tuần sau","Lịch học bù cơ sở","OnTap","2"
"đừng quên nộp lệ phí học Cơ sở dữ liệu ae ơi 🔥","Nộp lệ phí cơ sở","OnTap","1"
"chu u lịch học bo Cd sở dữ liệu tuần sau","Lịch học bù cơ sở","OnTap","2"
"chú ý lịch học bù Toán tuần sau 👍","Lịch học bù ton","OnTap","2"
"nhớ mang theo laptop thực hành Toán nha 😭","Mang laptop ton","NhacNho","2"
"chú ý lịch học bù Kỹ năng mềm tuần sau hz","Lịch học bù kỹ năng","OnTap","2"
"đừng quên nộp lệ phí học Kỹ năng mềm ae ơi","Nộp lệ phí kỹ năng","OnTap","1"
"chú ý lịch học bù Toán tuần sau","Lịch học bù ton","OnTap","2"
"đừng quên nộp lệ phí học Toán ae ơi","Nộp lệ phí ton","OnTap","1"
"chu u lịch học bo Cd sở dữ liệu tuần sau","Lịch học bù cơ sở","OnTap","2"
"chú ý lịch học bù Kỹ năng mềm tuần sau 😭","Lịch học bù kỹ năng","OnTap","2"
"nhớ mang theo laptop thực honh Toan nha","Mang laptop ton","NhacNho","2"
"nhớ mang theo laptop thực honh Mạng may tinh nha","Mang laptop mạng my tính","NhacNho","2"
"chú ý lịch học bù Triết tuần sau 😭","Lịch học bù triết","OnTap","2"
"nhớ mang theo laptop thực hành Mạng máy tính nha","Mang laptop mạng my tính","NhacNho","2"
"chú ý lịch học bù Mạng máy tính tuần sau","Lịch học bù mạng my","OnTap","2"
"chú ý lịch học bù Kỹ năng mềm tuần sau 😭","Lịch học bù kỹ năng","OnTap","2"
"đừng quên nộp lệ phí học Lập trình ae ơi","Nộp lệ phí lập trình","OnTap","1"
"đừng quên nộp lệ phí học Lập trình ae ơi","Nộp lệ phí lập trình","OnTap","1"
"đừng quên nộp lệ phí học Lập trình ae ơi 🔥","Nộp lệ phí lập trình","OnTap","1"
"đừng quên nộp lệ phí học Cơ sở dữ liệu ae ơi","Nộp lệ phí cơ sở","OnTap","1"
"đừng quên nộp lệ phí học Hóa ae ơi 😂","Nộp lệ phí hóa","OnTap","1"
"nhớ mang theo laptop thực hành Toán nha 👍","Mang laptop ton","NhacNho","2"
"đừng quên nộp lệ phí học Hóa ae ơi","Nộp lệ phí hóa","OnTap","1"
"nhớ mang theo laptop thực hành Cơ sở dữ liệu nha 😂","Mang laptop cơ sở dữ","NhacNho","2"
"chú ý lịch học bù Cơ sở dữ liệu tuần sau 😂","Lịch học bù cơ sở","OnTap","2"
"chú ý lịch học bù Toán tuần sau ak","Lịch học bù ton","OnTap","2"
"đừng quên nộp lệ phí học Triết ae ơi","Nộp lệ phí triết","OnTap","1"
"chú ý lịch học bù Triết tuần sau","Lịch học bù triết","OnTap","2"
"chú ý lịch học bù Lập trình tuần sau","Lịch học bù lập trình","OnTap","2"
"nhớ mang theo laptop thực hành Lý nha","Mang laptop lý","NhacNho","2"
"đừng quên nộp lệ phí học Lập trình ae ơi","Nộp lệ phí lập trình","OnTap","1"
"nhớ mang theo laptop thực honh Lập trenh nha","Mang laptop lập trình","NhacNho","2"
"đừng quên nộp lệ phí học Kỹ năng mềm ae ơi","Nộp lệ phí kỹ năng","OnTap","1"
"chú ý lịch học bù Mạng máy tính tuần sau","Lịch học bù mạng my","OnTap","2"
"nhớ mang theo laptop thực hành Toán nha","Mang laptop ton","NhacNho","2"
