"InputText","TaskName","TaskType","Difficulty","HasDeadline","Urgency","TimeExpression","DeadlineType"
"lịch thi final ra r kìa 15 tây thi triết","Thi triết","ThiCuoiKy","3","1","high","","submission"
"đọc lại tài liệu triết","Ôn tập","OnTap","3","0","low","","none"
"Mình chưa xong bài tập Phân tích mạch điện, tối nay phải làm dứt điểm.","Bài tập","BaiTap","3","1","high","tối nay","relative"
"kiểm tra 1 tiết hóa thứ 6 hay thứ 7 vậy mấy bạn ơi","Kiểm tra 1 tiết hóa thứ 6 hay thứ 7 vậy mấy bạn ơ","KiemTraThuongXuyen","3","1","high","thứ 6","weekday"
"t d m m thj cck ak s ch hoc j m ranh the","Nhắc nhở","NhacNho","3","0","low","","none"
"Chiều mai kiểm tra Kinh tế vĩ mô, ai còn tài liệu ôn tập cho mình xin với.","Kiểm tra Kinh tế vĩ mô, ai còn tài liệu ôn tập ch","KiemTraThuongXuyen","3","1","high","mai","relative"
"Thi cuối kỳ môn Lập trình C đang đến gần, mình bắt đầu ôn từ hôm nay.","Thi cuối kỳ môn Lập trình C đang đến gần, mì","ThiCuoiKy","3","1","high","hôm nay","relative"
"final exam mạng máy tính vcl 🤯","Thi cuối kỳ","ThiCuoiKy","4","1","medium","mai","relative"
"Deadline đồ án Xử lý ảnh số đã gần, mình cần hoàn thiện phần demo.","Làm project","BaiTap","4","1","high","","submission"
"15p hay 45p v m sao tao nghe dua bao vay dua bao kia d hiểu j","Nhắc nhở","NhacNho","3","0","low","","none"
"exam cuối kỳ toán","Thi cuối kỳ","ThiCuoiKy","4","1","medium","thứ 2","weekday"
"t bt cach giai btoan nay roi de tao chi cho m hehe","Nhắc nhở","NhacNho","3","1","high","nay","relative"
"Cô dặn làm bài tập phần đạo hàm hàm nhiều biến môn Giải tích 2 nộp thứ 4.","Bài tập","BaiTap","3","1","high","thứ 4","weekday"
"t thi cuối kỳ toán 😭 😵‍💫","Thi cuối kỳ","ThiCuoiKy","3","1","high","tháng sau","relative"
"project môn Mạng máy tính đang trễ tiến độ","Làm project","BaiTap","4","1","low","","submission"
"Thi lại môn Vật lý đại cương vào tuần sau, lần này phải qua mới được nha.","Thi lại môn Vật lý đại cương vào tuần sau, l","ThiCuoiKy","3","1","high","tuần sau","relative"
"aừng quen nộp lệ phi học Triết ae di","Nhắc nhở","NhacNho","1","0","low","","none"
"Đợt thi giữa kỳ môn Giải tích 2 khó hơn mình dự kiến, phải tập trung hơn.","Thi giữa kỳ môn Giải tích 2 khó hơn mình dự ","ThiCuoiKy","5","1","high","","submission"
"bao cao Triết lom thuyết trenh ez","Nhắc nhở","NhacNho","2","0","low","","none"
"hôm nay tao làm phần frontend m làm backend nhé","Bài tập","BaiTap","3","1","high","hôm nay","relative"
"deadline ôn thi cuối kỳ Toán đang tới gần","Thi cuối kỳ Toán đang tới gần","ThiCuoiKy","4","1","high","","submission"
"Thầy nhắc nộp báo cáo Điều dưỡng cơ bản, mình cần kiểm tra lại format trước khi gửi.","Kiểm tra lại format trước khi gửi","KiemTraThuongXuyen","3","1","high","","submission"
"ai làm xong assignment Cơ sở dữ liệu chưa cho t copy tẹo =))","Bài tập","BaiTap","3","1","low","","submission"
"th 3 ktra 15p sử vl 😵‍💫","Kiểm tra 15 phút","KiemTraThuongXuyen","2","1","high","tuần sau","relative"
"chết mẹ quên làm btvn r cứu 🆘","Bài tập","BaiTap","3","1","low","","submission"
"m thi chung phòng 402 vs t pk","Thi chung phòng 402 vs t pk","ThiCuoiKy","3","1","high","","submission"
"ai làm xong assignment Triết chưa cho t copy tẹo =))","Bài tập","BaiTap","3","1","low","","submission"
"Mình chưa xong bài tập Lý thuyết xác suất, tối nay phải làm dứt điểm.","Bài tập","BaiTap","3","1","high","tối nay","relative"
"nhớ mang theo laptop thực honh Hoa nha","Nhắc nhở","NhacNho","2","0","low","","none"
"Chiều mai kiểm tra Kỹ thuật nhiệt, ai còn tài liệu ôn tập cho mình xin với.","Kiểm tra Kỹ thuật nhiệt, ai còn tài liệu ôn tập c","KiemTraThuongXuyen","3","1","high","mai","relative"
"có pro nào thông não giúp t cái đề này ko","Nhắc nhở","NhacNho","3","0","low","","none"
"dặn dò nhẹ nhàng mai mặc áo thun trắng đi thực hành nha","Nhắc nhở","NhacNho","2","1","high","mai","relative"
"chú ý lịch học bù Lập trình tuần sau","Ôn tập","OnTap","2","1","medium","tuần sau","relative"
"chú ý lịch học bù Toán tuần sau 😭","Ôn tập","OnTap","2","1","medium","tuần sau","relative"
"Thi cuối kỳ môn Phương trình vi phân đang đến gần, mình bắt đầu ôn từ hôm nay.","Thi cuối kỳ môn Phương trình vi phân đang đế","ThiCuoiKy","3","1","high","hôm nay","relative"
"mai test anh văn","Test","KiemTraThuongXuyen","3","1","high","chiều nay","relative"
"mai kt 1 tiết Cơ sở dữ liệu sợ toang ak","Nhắc nhở","NhacNho","5","1","high","mai","relative"
"anh pop quiz môn sinh chiều nay","Quiz","KiemTraThuongXuyen","4","1","medium","hôm nay","relative"
"Ai có đề cương thi cuối kỳ môn Sinh lý học cho mình xin tham khảo.","Thi cuối kỳ môn Sinh lý học cho mình xin tha","ThiCuoiKy","3","1","high","","submission"
"deadline on thi cuối kỳ Cd sở dữ liệu aang tới gần","Thi cuối kỳ Cd sở dữ liệu aang tới gần","ThiCuoiKy","4","1","high","","submission"
"e k hiểu quiz tuần này 😐","Kiểm tra","KiemTraThuongXuyen","3","1","low","","submission"
"hôm nay ôn tập Cơ sở dữ liệu nhé mọi người zz","Ôn tập","OnTap","3","1","high","hôm nay","relative"
"ai làm xong assignment Lập trình chưa cho t copy tẹo =))","Bài tập","BaiTap","3","1","low","","submission"
"nhóm 3 hnay nộp proposal cho cô nha","Nộp proposal","BaiTap","3","1","high","nay","relative"
"báo cáo Toán làm thuyết trình ez 😭","Ôn tập","OnTap","2","0","low","","none"
"on Toan sưdng sưdng thoi","Nhắc nhở","NhacNho","2","0","low","","none"
"ktra miệng hóa lụm 🙃","Kiểm tra","KiemTraThuongXuyen","3","1","high","tuần sau","relative"
"tâm linh mách bảo mai thi vào câu 3","Thi vào câu 3","ThiCuoiKy","3","1","high","mai","relative"
"cuối tuần phải review lại Lập trình cho kỹ 😭","Review bài","OnTap","2","1","medium","cuối tuần","relative"
"đừng quên nộp lệ phí học Mạng máy tính ae ơi ak","Nhắc nhở","NhacNho","1","0","low","","none"
"Bài tập lớn môn Nhập môn lập trình nộp thứ 3 tuần 11, làm game đoán số bằng C.","Bài tập","BaiTap","3","1","high","thứ 3","weekday"
"vừa thất tình vừa phải làm đống bài tập giải tích 💔","Bài tập","BaiTap","3","1","low","","submission"
"báo cáo Mạng máy tính làm thuyết trình ez","Ôn tập","OnTap","2","0","low","","none"
"tao ô n thi đợt này kk 🤯","Thi","ThiCuoiKy","5","1","high","hôm nay","relative"
"đợt này test nhỏ c++","Test","KiemTraThuongXuyen","2","1","medium","tuần sau","relative"
"deadline ôn thi cuối kỳ Toán đang tới gần vkl","Thi cuối kỳ Toán đang tới gần vkl","ThiCuoiKy","4","1","high","","submission"
"aừng quen nộp lệ phi học Toan ae di","Nhắc nhở","NhacNho","1","0","low","","none"
"hôm nay ôn tập Cơ sở dữ liệu nhé mọi người","Ôn tập","OnTap","3","1","high","hôm nay","relative"
"ngồi coy lại Hoa mệt vl 😭","Nhắc nhở","NhacNho","5","0","low","","none"
"mai thi djt cuj no mak d dau dam ngu","Thi djt cuj no mak d dau dam ngu","ThiCuoiKy","3","1","high","mai","relative"
"ô n thi đợt này","Thi","ThiCuoiKy","3","1","high","cuối tuần","relative"
"bọn mình học bù phần mạng máy tính lụm 💀","Ôn tập","OnTap","3","1","medium","tuần sau","relative"
"Đồ án môn Công nghệ phần mềm còn nhiều việc chưa xong, nhóm mình đang chạy deadline.","Làm project","BaiTap","4","1","high","","submission"
"Mình cần nộp báo cáo môn Điện tử số trước hạn, hiện đang hoàn thiện số liệu.","Nhắc nhở","NhacNho","3","0","low","","none"
"deadline ôn thi cuối kỳ Hóa đang tới gần ak","Thi cuối kỳ Hóa đang tới gần ak","ThiCuoiKy","4","1","high","","submission"
"Mình cần ôn gấp cho bài thi giữa kỳ Tiếng Anh 3, nội dung khá nhiều.","Thi giữa kỳ Tiếng Anh 3, nội dung khá nhiều","ThiCuoiKy","5","1","high","","submission"
"em ô n exam đợt này","Thi","ThiCuoiKy","4","1","medium","mai","relative"
"tuan sau phai present cai slide nay roi","Ôn tập","OnTap","3","1","high","tuan sau","relative"
"Deadline bài tập lớn môn Tâm lý học sắp tới, mình đang hoàn thiện phần cuối.","Bài tập","BaiTap","3","1","high","","submission"
"Đợt thi giữa kỳ môn Kinh tế vĩ mô khó hơn mình dự kiến, phải tập trung hơn.","Thi giữa kỳ môn Kinh tế vĩ mô khó hơn mình d","ThiCuoiKy","5","1","high","","submission"
"cuoi tuan nay thi r tao dang bi tram cam 🫠","Thi r tao dang bi tram cam 🫠","ThiCuoiKy","3","1","high","nay","relative"
"báo cáo Triết làm thuyết trình ez 👍","Ôn tập","OnTap","2","0","low","","none"
"cày đề toán tối nay :)) 🤯","Ôn tập","OnTap","2","0","low","","none"
"chuẩn bị thi final Triết rôi lo quá","Thi final Triết rôi lo quá","ThiCuoiKy","5","1","high","","submission"
"Bài presentation nhóm mình làm đến đâu rồi?","Nhắc nhở","NhacNho","3","0","low","","none"
"ôn Lập trình sương sương thôi","Ôn tập","OnTap","2","0","low","","none"
"chu u lịch học bo Cd sở dữ liệu tuần sau","Nhắc nhở","NhacNho","2","1","medium","tuần sau","relative"
"ngồi cày lại Kỹ năng mềm mệt vl 😭 hz","Nhắc nhở","NhacNho","5","0","low","","none"
"thèm trà sữa quá ai bao k t kẹt tiền 🥹","Nhắc nhở","NhacNho","3","0","low","","none"
"Tối nay ăn gì đây, mọi người gợi ý món ngon với.","Nhắc nhở","NhacNho","3","1","high","tối nay","relative"
"Mình phải nộp bài tập lớn Truyền thông đa phương tiện trong tuần này, ai rảnh review giúp mình không?","Bài tập","BaiTap","3","1","high","","submission"
"Thi giữa kỳ môn Kỹ thuật điện sắp diễn ra, mình đang ôn theo đề cương.","Thi giữa kỳ môn Kỹ thuật điện sắp diễn ra, m","ThiCuoiKy","3","1","high","","submission"
"thầy review bảo ý tưởng sáo rỗng ae nghĩ lại idea nhe","Review bài","OnTap","3","0","low","","none"
"Học kỳ này nhiều môn quá, cảm giác hơi quá tải.","Nhắc nhở","NhacNho","3","0","low","","none"
"Bài discusion forum tuần này mình làm gì vậy ạ?","Nhắc nhở","NhacNho","3","0","low","","none"
"ôn Hóa sương sương thôi","Ôn tập","OnTap","2","0","low","","none"
"bọn mình lịch thi ra rồi vl ✨","Thi","ThiCuoiKy","3","1","medium","hôm nay","relative"
"em quiz anh văn 🥲 🙃","Quiz","KiemTraThuongXuyen","3","1","medium","tuần sau","relative"
"tóm tắt bài giảng","Ôn tập","OnTap","3","0","low","","none"
"chú ý lịch học bù Triết tuần sau 😂","Ôn tập","OnTap","2","1","medium","tuần sau","relative"
"bài tập Triết về nhà tuần này dài ngoằng","Bài tập","BaiTap","4","1","low","","submission"
"thi giữa kỳ triết căng 🧠","Thi","ThiCuoiKy","4","1","high","mai","relative"
"Đợt thi giữa kỳ môn Toán cao cấp A3 khó hơn mình dự kiến, phải tập trung hơn.","Thi giữa kỳ môn Toán cao cấp A3 khó hơn mình","ThiCuoiKy","4","1","high","","submission"
"Ai có đề cương thi cuối kỳ môn Động lực học cho mình xin tham khảo.","Thi cuối kỳ môn Động lực học cho mình xin th","ThiCuoiKy","3","1","high","","submission"
"báo cáo Cơ sở dữ liệu làm thuyết trình ez vkl","Ôn tập","OnTap","2","0","low","","none"
"bài tập Toán về nhà tuần này dài ngoằng zz","Bài tập","BaiTap","4","1","low","","submission"
"đồ án mn tự thân vận động nha t ốm k gánh dc r","Làm project","BaiTap","4","1","low","","submission"
"thứ 3 ktra 15p sử haha 🔥","Kiểm tra 15 phút","KiemTraThuongXuyen","3","1","medium","tuần sau","relative"
"ai làm xong assignment Toán chưa cho t copy tẹo =))","Bài tập","BaiTap","3","1","low","","submission"
"cuối tuần phải review lại Triết cho kỹ 👍","Review bài","OnTap","2","1","medium","cuối tuần","relative"
"cuối tuần phải review lại Toán cho kỹ 🔥","Review bài","OnTap","2","1","medium","cuối tuần","relative"
"nay t mệt quá cúp cua 1 bữa nha","Nhắc nhở","NhacNho","3","1","high","nay","relative"
"đợt này final chắc toàn trắc nghiệm th chứ tự luận t đứt","Kiểm tra","ThiCuoiKy","3","1","low","","submission"
"lát học xong ở lại test thử c++ nha","Kiểm tra","KiemTraThuongXuyen","3","1","low","","submission"
"Bài tập về nhà môn Đại số tuyến tính cần hoàn thành sớm để kịp hạn nộp.","Bài tập","BaiTap","3","1","high","","submission"
"anh thi c cuối tuần","Thi","ThiCuoiKy","5","1","medium","tháng sau","relative"
"Bài tập môn Giải tích số có vài câu khó, mình đang đối chiếu tài liệu.","Bài tập","BaiTap","5","1","low","","submission"
"ai thay chiec chia khoa xe may t rớt đâu đ ko cứu tao vs","Nhắc nhở","NhacNho","5","0","low","","none"
"ai làm xong assignment Kỹ năng mềm chưa cho t copy tẹo =))","Bài tập","BaiTap","3","1","low","","submission"
"t kiểm tra miệng hóa vc 😵‍💫","Kiểm tra","KiemTraThuongXuyen","4","1","high","mai","relative"
"bài lab lập trình mạng tuần này mk chưa hiểu gì, deadline thứ 5","Nhắc nhở","NhacNho","3","1","high","thứ 5","weekday"
"project môn Lập trình đang trễ tiến độ","Làm project","BaiTap","4","1","low","","submission"
"em exam mô kk 🙃","Thi cuối kỳ","ThiCuoiKy","4","1","medium","tháng sau","relative"
"xem lại mindmap sinh","Ôn tập","OnTap","2","0","low","","none"
"nhớ mang theo laptop thực hành Kỹ năng mềm nha","Nhắc nhở","NhacNho","2","0","low","","none"
"project môn Lý đang trễ tiến độ vkl","Làm project","BaiTap","4","1","low","","submission"
"pop quiz Lập trình dễ ăn điểm lắm","Kiểm tra","KiemTraThuongXuyen","3","1","low","","submission"
"Bài tập về nhà môn Điện tử cơ bản làm mạch chỉnh lưu, nộp kèm báo cáo vào thứ 6.","Bài tập","BaiTap","3","1","high","thứ 6","weekday"
"giải de c++","Giải đề","OnTap","1","1","medium","tối nay","relative"
"Nhớ làm bài tập về nhà môn Lập trình C++ trang 45 nha, dễ thôi.","Bài tập","BaiTap","2","1","low","","submission"
"nay t bị nhức đầu qá d ôn vô nhung m nhớ dặn thầy gửi rec cho t nha","Ôn tập","OnTap","3","1","high","nay","relative"
"mai thi toán chắc toang rồi 😭","Thi toán chắc toang rồi 😭","ThiCuoiKy","4","1","high","mai","relative"
"mai kt 1 tiết Kỹ năng mềm sợ toang ak","Nhắc nhở","NhacNho","5","1","high","mai","relative"
"toang roi tk tao chua dk mon thi dcm","Thi dcm","ThiCuoiKy","5","1","high","","submission"
"Nhóm mình còn thiếu phần kết luận báo cáo đồ án môn Cơ sở dữ liệu, hoàn thiện trước thứ 5.","Làm project","BaiTap","4","1","medium","thứ 5","weekday"
"lamf bsai tapj hoas chua m","Nhắc nhở","NhacNho","3","0","low","","none"
"học bù phần mạng máy tính lụi 💀","Ôn tập","OnTap","3","1","medium","hôm nay","relative"
"xem lại công thc hóa haha 🙃","Ôn tập","OnTap","2","0","low","","none"
"làm bài tập ktvm sao kho wá, chắc chớt mất","Bài tập","BaiTap","3","1","low","","submission"
"mấy đứa ơi bài thuyết trình nhóm mk lm slide chưa, sao chưa thấy ai làm gì hết","Ôn tập","OnTap","3","0","low","","none"
"Bài tập lớn môn Thiết kế web nộp tuần 14, làm responsive hoàn chỉnh có cả backend.","Bài tập","BaiTap","3","1","high","","submission"
"anh review bài hôm qua x100 🙃","Ôn tập","OnTap","2","0","low","","none"
"chieu nay kiem tra r ma h chua chu nao vao dau","Nhắc nhở","NhacNho","3","1","high","nay","relative"
"Thi giữa kỳ môn Vật lý 2 sắp diễn ra, mình đang ôn theo đề cương.","Thi giữa kỳ môn Vật lý 2 sắp diễn ra, mình đ","ThiCuoiKy","3","1","high","","submission"
"thang l nay ban hoai rep ib cham vl","Nhắc nhở","NhacNho","3","1","high","nay","relative"
"ôn Triết sương sương thôi 😂","Ôn tập","OnTap","2","0","low","","none"
"hôm nay ôn tập Triết nhé mọi người 😂","Ôn tập","OnTap","3","1","high","hôm nay","relative"
"hôm nay ôn tập Cơ sở dữ liệu nhé mọi người 😭","Ôn tập","OnTap","3","1","high","hôm nay","relative"
"hqa làm bài ko save nay phải gõ lại cay","Ôn tập","OnTap","3","1","high","nay","relative"
"chuẩn bị thi final Mạng máy tính rôi lo quá 👍","Thi final Mạng máy tính rôi lo quá 👍","ThiCuoiKy","4","1","high","","submission"
"đợt này test nhỏ c++ đm 📚","Test","KiemTraThuongXuyen","4","1","medium","hôm nay","relative"
"ê mấy đứa bài kiểm tra thường xuyên hóa tuần sau đúng k, khó k mn","Kiểm tra thường xuyên hóa tuần sau đúng k, khó k ","KiemTraThuongXuyen","3","1","high","tuần sau","relative"
"mai kt 1 tiết Kỹ năng mềm sợ toang vkl","Nhắc nhở","NhacNho","5","1","high","mai","relative"
"project môn Triết đang trễ tiến độ zz","Làm project","BaiTap","4","1","low","","submission"
"anh mai thi hóa x100 💀","Thi","ThiCuoiKy","5","1","medium","tháng sau","relative"
"hôm nay ôn tập Cơ sở dữ liệu nhé mọi người vkl","Ôn tập","OnTap","3","1","high","hôm nay","relative"
"nay tao di thi mak mang sai but chì 2b đcm đen","Thi mak mang sai but chì 2b đcm đen","ThiCuoiKy","3","1","high","nay","relative"
"Trời ơi sao hôm nay nóng kinh khủng vậy, học không vô gì hết.","Nhắc nhở","NhacNho","3","1","high","hôm nay","relative"
"em 15p tin học tuan sau kk ✨","Kiểm tra 15 phút","KiemTraThuongXuyen","3","1","medium","tuần sau","relative"
"mai test anh văn lụi 📝","Test","KiemTraThuongXuyen","4","1","medium","tuần sau","relative"
"cuối tuần phải review lại Toan cho kỹ","Review bài","OnTap","2","1","medium","cuối tuần","relative"
"dm thằng A ko làm group work tao kich nó nha","Bài tập","BaiTap","3","1","low","","submission"
"Tuần này có bài kiểm tra môn Pháp luật đại cương, mình đang ôn lại nội dung chính.","Kiểm tra môn Pháp luật đại cương, mình đang ôn lạ","KiemTraThuongXuyen","3","1","high","","submission"
"tao th 3 ktra 15p sử kk 🤯","Kiểm tra 15 phút","KiemTraThuongXuyen","3","1","medium","chiều nay","relative"
"project môn Cơ sở dữ liệu đang trễ tiến độ zz","Làm project","BaiTap","4","1","low","","submission"
"tao quên đem mẹ vở ôn rồi làm s học m cho t ngó xíu nha","Ôn tập","OnTap","3","0","low","","none"
"final exam mạng máy tính căng 📝","Thi cuối kỳ","ThiCuoiKy","5","1","medium","cuối tuần","relative"
"anh 15p tin học tuần sau :)) 📝","Kiểm tra 15 phút","KiemTraThuongXuyen","4","1","high","hôm nay","relative"
"đừng quên nộp lệ phí học Lập trình ae ơi","Nhắc nhở","NhacNho","1","0","low","","none"
"thứ 3 ktra 15p sử á ae","Kiểm tra 15p sử á ae","KiemTraThuongXuyen","3","1","high","thứ 3","weekday"
"Bài tập lớn môn Giải tích khá nặng, mình đang chia nhỏ công việc để làm dần.","Bài tập","BaiTap","3","1","low","","submission"
"assignment chua lo xong ma con bao đi nhậu","Bài tập","BaiTap","3","1","low","","submission"
"Mọi người có biết quán trà sữa nào gần trường ngon không?","Nhắc nhở","NhacNho","3","0","low","","none"
"thang nao an cap xe dap nha t ma k tra the dcm","Nhắc nhở","NhacNho","3","0","low","","none"
"project mon Toan aang trễ tiến aộ","Làm project","BaiTap","4","1","low","","submission"
"chị ơi e nộp bài muộn đc k?","Nhắc nhở","NhacNho","3","0","low","","none"
"nhớ mang theo laptop thực hành Lập trình nha vkl","Nhắc nhở","NhacNho","2","0","low","","none"
"Tuần này có bài kiểm tra môn Kinh tế vĩ mô, mình đang ôn lại nội dung chính.","Kiểm tra môn Kinh tế vĩ mô, mình đang ôn lại nội ","KiemTraThuongXuyen","3","1","high","","submission"
"cú t vs đng ôn bài khu trọ ngta hts kake um sùm đ nhét zo não nổi","Ôn tập","OnTap","3","0","low","","none"
"em học bù phần mạng máy tính căng ✨","Ôn tập","OnTap","3","0","low","","none"
"ngồi cày lại Lập trình mệt vl 😭 🔥","Nhắc nhở","NhacNho","5","0","low","","none"
"Em chưa làm bài homework, ai gửi file cho em với, deadline là tối nay 23h59, em cảm ơn","Bài tập","BaiTap","3","1","high","tối nay","relative"
"thay bao la ko dc xai tai lieu nha","Nhắc nhở","NhacNho","3","0","low","","none"
"Bài tập về nhà môn Lý thuyết xác suất cần hoàn thành sớm để kịp hạn nộp.","Bài tập","BaiTap","3","1","high","","submission"
"bọn mình bài test ngắn hnay","Test","KiemTraThuongXuyen","2","1","medium","thứ 3","weekday"
"Bai project lớn này khó quá, ai giúp mình với, nộp vào thứ 6 tuần sau","Làm project","BaiTap","4","1","high","thứ 6","weekday"
"E chưa làm bài homwork, ai gửi file cho e với, deadline là tối nay 23h59","Ôn tập","OnTap","3","1","high","tối nay","relative"
"Đồ án môn Trí tuệ nhân tạo nhóm mình chọn đề tài nhận diện khuôn mặt, hạn cuối tuần 15.","Làm project","BaiTap","4","1","medium","cuối tuần","relative"
"ai lom xong assignment Cd sở dữ liệu chưa cho t copy tẹo =))","Bài tập","BaiTap","3","1","low","","submission"
"nhớ mang giẻ lau bảng nha m","Nhắc nhở","NhacNho","3","0","low","","none"
"em ôn chương 3 giải tích","Ôn tập","OnTap","3","0","low","","none"
"hôm nay ôn tập Mạng máy tính nhé mọi người","Ôn tập","OnTap","3","1","high","hôm nay","relative"
"chú ý lịch học bù Kỹ năng mềm tuần sau hz","Ôn tập","OnTap","2","1","medium","tuần sau","relative"
"deadline ôn thi cuối kỳ Lý đang tới gần 🔥","Thi cuối kỳ Lý đang tới gần 🔥","ThiCuoiKy","4","1","high","","submission"
"tối nay team mình meeting chốt idea nhé","Nhắc nhở","NhacNho","3","1","high","tối nay","relative"
"ôn Lý sương sương thôi hz","Ôn tập","OnTap","2","0","low","","none"
"m final exam mạng máy tính","Thi cuối kỳ","ThiCuoiKy","4","1","high","tháng sau","relative"
"thi giữa kỳ triết kk 🙃","Thi","ThiCuoiKy","5","1","high","thứ 2","weekday"
"m exam hóa","Thi","ThiCuoiKy","3","1","high","thứ 2","weekday"
"nhớ mang theo laptop thực hành Mạng máy tính nha 🔥","Nhắc nhở","NhacNho","2","0","low","","none"
"pop quiz môn sinh chiều nay haha 📝","Quiz","KiemTraThuongXuyen","3","1","medium","hôm nay","relative"
"có đứa nào note bài đầy đủ ko cho tớ xin vs","Nhắc nhở","NhacNho","3","0","low","","none"
"Thi cuối kỳ môn Nhập môn AI ngày 22, ôn phần thuật toán tìm kiếm và học máy cơ bản.","Thi cuối kỳ môn Nhập môn AI ngày 22, ôn phần","ThiCuoiKy","4","1","high","","submission"
"sổ điểm danh dâu đưa t kí nốt nay có quiz đấy","Kiểm tra","KiemTraThuongXuyen","3","1","high","nay","relative"
"đang bận vcl tụi m đi nhậu ko gọi 😡","Nhắc nhở","NhacNho","3","0","low","","none"
"kịch bản video pj môn xã hội mk ntn mn có ý kiến j hum","Nhắc nhở","NhacNho","3","0","low","","none"
"quiz anh văn","Quiz","KiemTraThuongXuyen","3","1","high","mai","relative"
"Môn Cơ sở dữ liệu thi cuối kỳ khá khó, cần ôn theo từng chương.","Thi cuối kỳ khá khó, cần ôn theo từng chương","ThiCuoiKy","5","1","high","","submission"
"review bài hôm qua","Ôn tập","OnTap","1","1","medium","tuần sau","relative"
"mai kt 1 tiết Kỹ năng mềm sợ toang","Nhắc nhở","NhacNho","5","1","high","mai","relative"
"deadline ôn thi cuối kỳ Triết đang tới gần 😭","Thi cuối kỳ Triết đang tới gần 😭","ThiCuoiKy","4","1","high","","submission"
"cuối tuần phải review lại Kỹ năng mềm cho kỹ","Review bài","OnTap","2","1","medium","cuối tuần","relative"
"Thi cuối kỳ môn Giải phẫu học đang đến gần, mình bắt đầu ôn từ hôm nay.","Thi cuối kỳ môn Giải phẫu học đang đến gần, ","ThiCuoiKy","3","1","high","hôm nay","relative"
"nay phai doc xong chuong 4 mai con hoc tiep chuong 5","Nhắc nhở","NhacNho","3","1","high","nay","relative"
"bài tập Kỹ năng mềm về nhà tuần này dài ngoằng hz","Bài tập","BaiTap","4","1","low","","submission"
"mới bị ny cắm sừng đ học hành mẹ j nx đi nhậu dzooo","Nhắc nhở","NhacNho","3","0","low","","none"
"Mình cần nộp báo cáo môn Vi xử lý trước hạn, hiện đang hoàn thiện số liệu.","Nhắc nhở","NhacNho","3","0","low","","none"
"Mình cần chuẩn bị cho bài kiểm tra Tiếng Anh, độ khó khá cao.","Kiểm tra Tiếng Anh, độ khó khá cao","KiemTraThuongXuyen","3","1","high","","submission"
"Thứ 6 tuần sau kiểm tra 1 tiết Toán nha, khá dễ.","Kiểm tra 1 tiết Toán nha, khá dễ","KiemTraThuongXuyen","3","1","high","thứ 6","weekday"
"ai giúp bài project với 😐","Làm project","BaiTap","4","1","low","","submission"
"Mình cần chuẩn bị cho bài kiểm tra An toàn thông tin, độ khó khá cao.","Kiểm tra An toàn thông tin, độ khó khá cao","KiemTraThuongXuyen","3","1","high","","submission"
"m kiểm tra nhanh cuối buổi vl 😵‍💫","Kiểm tra","KiemTraThuongXuyen","3","1","medium","tuần sau","relative"
"Thầy cô nhắc nộp bài tập nhóm Phân tích thiết kế hệ thống, mình đang tổng hợp nội dung.","Bài tập","BaiTap","3","1","high","","submission"
"project mon Lu aang trễ tiến aộ","Làm project","BaiTap","4","1","low","","submission"
"đóng máy đ ngủ mai làm đồ án tiếp đuối qá r","Làm project","BaiTap","4","1","high","mai","relative"
"chưa bao h t thấy bài test trên lớp nhàn ntn haha","Kiểm tra","KiemTraThuongXuyen","3","1","low","","submission"
"ai làm xong assignment Triết chưa cho t copy tẹo =)) ak","Bài tập","BaiTap","3","1","low","","submission"
"Tuần này có bài kiểm tra môn Lý, mình đang ôn lại nội dung chính.","Kiểm tra môn Lý, mình đang ôn lại nội dung chính","KiemTraThuongXuyen","3","1","high","","submission"
"thi off t sợ vãi t thèm thi onl","Thi onl","ThiCuoiKy","3","1","high","","submission"
"Mình phải nộp bài tập lớn Luật kinh tế trong tuần này, ai rảnh review giúp mình không?","Bài tập","BaiTap","3","1","high","","submission"
"chuẩn bị thi final Hóa rôi lo quá","Thi final Hóa rôi lo quá","ThiCuoiKy","5","1","high","","submission"
"pop quiz Lu dễ yn aiểm lắm","Kiểm tra","KiemTraThuongXuyen","3","1","low","","submission"
"bài tập Lý về nhà tuần này dài ngoằng 😭","Bài tập","BaiTap","4","1","low","","submission"
"Mình phải nộp bài tập lớn Kinh tế lượng trong tuần này, ai rảnh review giúp mình không?","Bài tập","BaiTap","3","1","high","","submission"
"report Triết làm thuyết trình ez","Làm report","BaiTap","3","1","low","","submission"
"báo cáo Cơ sở dữ liệu làm thuyết trình ez 😭","Ôn tập","OnTap","2","0","low","","none"
"hôm nay ôn tập Hóa nhé mọi người 🔥","Ôn tập","OnTap","3","1","high","hôm nay","relative"
"Thi cuối kỳ môn Cơ sở dữ liệu đang đến gần, mình bắt đầu ôn từ hôm nay.","Thi cuối kỳ môn Cơ sở dữ liệu đang đến gần, ","ThiCuoiKy","3","1","high","hôm nay","relative"
"team mình mai test anh văn","Test","KiemTraThuongXuyen","2","1","high","tuần sau","relative"
"Mình cần chuẩn bị cho bài kiểm tra Toán cao cấp, độ khó khá cao.","Kiểm tra Toán cao cấp, độ khó khá cao","KiemTraThuongXuyen","3","1","high","","submission"
"ôn Triết sương sương thôi","Ôn tập","OnTap","2","0","low","","none"
"on Cd sở dữ liệu sưdng sưdng thoi","Nhắc nhở","NhacNho","2","0","low","","none"
"ngồi cày lại Toán mệt vl 😭","Nhắc nhở","NhacNho","5","0","low","","none"
"chuẩn bị final chill 😵‍💫","Thi cuối kỳ","ThiCuoiKy","4","1","high","cuối tuần","relative"
"gấp sách lại và đi ngủ mai xem típ z","Nhắc nhở","NhacNho","5","1","high","mai","relative"
"thằng nào có đề test năm ngoái share tao với","Kiểm tra","KiemTraThuongXuyen","3","1","low","","submission"
"hôm nay trg có ca nhạc j sập xình quá","Nhắc nhở","NhacNho","3","1","high","hôm nay","relative"
"thi cuối kỳ toán x100 💀","Thi cuối kỳ","ThiCuoiKy","5","1","high","thứ 2","weekday"
"Deadline đồ án Thiết kế web đã gần, mình cần hoàn thiện phần demo.","Làm project","BaiTap","4","1","high","","submission"
"Mình phải nộp bài tập lớn Kỹ thuật phần mềm trong tuần này, ai rảnh review giúp mình không?","Bài tập","BaiTap","3","1","high","","submission"
"Mình cần help với bài coding, deadline là 2 ngày nữa","Nhắc nhở","NhacNho","3","0","low","","none"
"chú ý lịch học bù Toán tuần sau","Ôn tập","OnTap","2","1","medium","tuần sau","relative"
"hôm nay ôn tập Hóa nhé mọi người zz","Ôn tập","OnTap","3","1","high","hôm nay","relative"
"ai làm xong assignment Lý chưa cho t copy tẹo =))","Bài tập","BaiTap","3","1","low","","submission"
"Mình chưa xong bài tập Xác suất thống kê, tối nay phải làm dứt điểm.","Bài tập","BaiTap","3","1","high","tối nay","relative"
"Mình cần nộp báo cáo môn Vật lý thí nghiệm trước hạn, hiện đang hoàn thiện số liệu.","Nhắc nhở","NhacNho","3","0","low","","none"
"cho t xin in4 bạn nữ áo hồng ban nãy","Nhắc nhở","NhacNho","3","0","low","","none"
"on tap sml tu sang toi gio chua an j","Nhắc nhở","NhacNho","3","0","low","","none"
"pop quiz Toán dễ ăn điểm lắm zz","Kiểm tra","KiemTraThuongXuyen","3","1","low","","submission"
"chuẩn bị final x100 📝","Thi cuối kỳ","ThiCuoiKy","4","1","high","mai","relative"
"bài tập Toán về nhà tuần này dài ngoằng","Bài tập","BaiTap","4","1","low","","submission"
"mn ơi ai có đề cương ktck mon cnpm không share mình với","Ôn đề cương","OnTap","3","0","low","cn","weekday"
"m thi qua môn là được","Thi","ThiCuoiKy","4","1","high","tháng sau","relative"
"móa nó ktra 1 tiết mà cho mẹ 4 câu tự luận siêu khó","Kiểm tra 1 tiết mà cho mẹ 4 câu tự luận siêu khó","KiemTraThuongXuyen","3","1","high","","submission"
"bao cao Hoa lom thuyết trenh ez","Nhắc nhở","NhacNho","2","0","low","","none"
"tao ktra miệng hóa lụm 📚","Kiểm tra","KiemTraThuongXuyen","3","1","high","mai","relative"
"Mình cần ôn gấp cho bài thi giữa kỳ Giải tích 2, nội dung khá nhiều.","Thi giữa kỳ Giải tích 2, nội dung khá nhiều","ThiCuoiKy","5","1","high","","submission"
"mượn 200k mai trả dc ko đg kẹt qá","Nhắc nhở","NhacNho","3","1","high","mai","relative"
"báo cáo Lập trình làm thuyết trình ez 👍","Ôn tập","OnTap","2","0","low","","none"
"t quiz anh văn vl ⏰","Quiz","KiemTraThuongXuyen","2","1","medium","hôm nay","relative"
"ai làm xong assignment Lập trình chưa cho t copy tẹo =)) 🔥","Bài tập","BaiTap","3","1","low","","submission"
"pop quiz Toan dễ yn aiểm lắm","Kiểm tra","KiemTraThuongXuyen","3","1","low","","submission"
"chuẩn bị thi final Triết roi lo qua","Thi final Triết roi lo qua","ThiCuoiKy","5","1","high","","submission"
"15p tin học tuan sau :)) 😵‍💫","Kiểm tra 15 phút","KiemTraThuongXuyen","3","1","medium","chiều nay","relative"
"ôn chương 3 giải tích","Ôn tập","OnTap","2","0","low","","none"
"ai tóm tắt dùm t cái mindmap sinh học với","Ôn tập","OnTap","3","0","low","","none"
"cuối tuần phải review lại Kỹ nyng mềm cho kỹ","Review bài","OnTap","2","1","medium","cuối tuần","relative"
"chú ý lịch học bù Toán tuần sau ak","Ôn tập","OnTap","2","1","medium","tuần sau","relative"
"project mon Kỹ nyng mềm aang trễ tiến aộ","Làm project","BaiTap","4","1","low","","submission"
"Bài tập lớn môn Triết học Mác - Lênin khá nặng, mình đang chia nhỏ công việc để làm dần.","Bài tập","BaiTap","3","1","low","","submission"
"alo ai biet nha xe d de o khu vuc nao ko m","Nhắc nhở","NhacNho","3","0","low","","none"
"project môn Kỹ năng mềm đang trễ tiến độ 😭","Làm project","BaiTap","4","1","low","","submission"
"cuối tuần phải review lại Kỹ năng mềm cho kỹ 🔥","Review bài","OnTap","2","1","medium","cuối tuần","relative"
"tuần thi củ chuối này t thức tới 3h sag liên tục 2 ngày r mắt thâm quần ln","Thi củ chuối này t thức tới 3h sag liên tục ","ThiCuoiKy","3","1","high","","submission"
"Ai có đề cương thi cuối kỳ môn Cơ sở dữ liệu cho mình xin tham khảo.","Thi cuối kỳ môn Cơ sở dữ liệu cho mình xin t","ThiCuoiKy","3","1","high","","submission"
"Deadline bài essay là mai rồi, mà mình vẫn chưa viết xong 😓","Nhắc nhở","NhacNho","3","1","high","mai","relative"
"mô phật cho con thi qua môn này 10d k cần thiết","Thi ết","ThiCuoiKy","3","1","high","","submission"
"báo cáo Lập trình làm thuyết trình ez","Ôn tập","OnTap","2","0","low","","none"
"bài tập Kỹ năng mềm về nhà tuần này dài ngoằng vkl","Bài tập","BaiTap","4","1","low","","submission"
"hôm bữa cô dặn ôn bài gì để ktra v tụi m","Kiểm tra v tụi m","KiemTraThuongXuyen","3","1","high","","submission"
"bài tập Lập trình về nhà tuần này dài ngoằng","Bài tập","BaiTap","4","1","low","","submission"
"Cô Hương nhắc cả lớp bài kiểm tra giữa kỳ môn Kế toán tài chính vào thứ 2 tuần 10.","Kiểm tra giữa kỳ môn Kế toán tài chính vào thứ 2 ","KiemTraThuongXuyen","3","1","high","thứ 2","weekday"
"cứu bé bài toán này với 🆘","Nhắc nhở","NhacNho","3","0","low","","none"
"Báo cáo Cơ học kỹ thuật phải nộp trong tuần này, mình đang viết phần nhận xét.","Nhắc nhở","NhacNho","3","0","low","","none"
"bài này khó quá 😐","Nhắc nhở","NhacNho","5","0","low","","none"
"ôn de cương vcl 🤯","Ôn tập","OnTap","2","1","medium","tuần sau","relative"
"Ai có đề cương thi cuối kỳ môn Lập trình C cho mình xin tham khảo.","Thi cuối kỳ môn Lập trình C cho mình xin tha","ThiCuoiKy","3","1","high","","submission"
"mai kiểm tra roi mak t chua kip in de nua m co du de ko","Kiểm tra roi mak t chua kip in de nua m co du de ","KiemTraThuongXuyen","3","1","high","mai","relative"
"m thi hóa 😭 😵‍💫","Thi","ThiCuoiKy","4","1","medium","cuối tuần","relative"
"lịch thi ra rồi haha 🤯","Thi","ThiCuoiKy","4","1","high","thứ 2","weekday"
"Môn Động lực học thi cuối kỳ khá khó, cần ôn theo từng chương.","Thi cuối kỳ khá khó, cần ôn theo từng chương","ThiCuoiKy","5","1","high","","submission"
"t thấy idea của thg a k khả thi cho prj mk đổi đề tài đ k","Thi cho prj mk đổi đề tài đ k","ThiCuoiKy","3","1","high","","submission"
"nho mua cho tao to xoi trc khi vao lop nhe","Nhắc nhở","NhacNho","3","0","low","","none"
"chuẩn bị thi final Mạng máy tính rôi lo quá","Thi final Mạng máy tính rôi lo quá","ThiCuoiKy","4","1","high","","submission"
"bài tập giải tích mk ko hiểu đề gì luôn, nộp t3","Bài tập","BaiTap","3","1","high","t3","weekday"
"t ôn đề cương","Ôn tập","OnTap","3","1","medium","","none"
"Đợt thi giữa kỳ môn Vật lý 2 khó hơn mình dự kiến, phải tập trung hơn.","Thi giữa kỳ môn Vật lý 2 khó hơn mình dự kiế","ThiCuoiKy","5","1","high","","submission"
"team mình lịch thi ra rồi","Thi","ThiCuoiKy","3","1","medium","cuối tuần","relative"
"quiz anh văn kk 🤯","Quiz","KiemTraThuongXuyen","3","1","high","mai","relative"
"Thầy ra bài tập phần hàm số mũ và logarit môn Toán B1, hạn nộp thứ 3.","Bài tập","BaiTap","3","1","high","thứ 3","weekday"
"bọn mình lịch thi ra rồi 😭 💀","Thi","ThiCuoiKy","3","1","high","mai","relative"
"Nhóm mình còn nợ phần kết quả thực nghiệm báo cáo đồ án, nộp thứ 6 tuần tới nha.","Làm project","BaiTap","4","1","high","thứ 6","weekday"
"m chuẩn bị final 🥲 🧠","Thi cuối kỳ","ThiCuoiKy","5","1","high","tháng sau","relative"
"Bài discussion forum tuần này mình làm gì vậy ạ?","Nhắc nhở","NhacNho","3","0","low","","none"
"Kiểm tra 1 tiết môn Địa lý kinh tế thứ 3 tuần này, ôn từ chương 1 đến chương 4.","Kiểm tra 1 tiết môn Địa lý kinh tế thứ 3 tuần này","KiemTraThuongXuyen","3","1","high","thứ 3","weekday"
"bài tập Lý về nhà tuần này dài ngoằng","Bài tập","BaiTap","4","1","low","","submission"
"bao cao Lu lom thuyết trenh ez","Nhắc nhở","NhacNho","2","0","low","","none"
"Thi cuối kỳ môn Cấu trúc dữ liệu và giải thuật ngày 18/12, ôn phần cây và đồ thị kỹ.","Thi cuối kỳ môn Cấu trúc dữ liệu và giải thu","ThiCuoiKy","3","1","high","","submission"
"anh giải đề c++ lụi 📝","Giải đề","OnTap","2","1","medium","tuần sau","relative"
"chuẩn bị thi final Kỹ nyng mềm roi lo qua","Thi final Kỹ nyng mềm roi lo qua","ThiCuoiKy","5","1","high","","submission"
"hôm nay ôn tập Lý nhé mọi người zz","Ôn tập","OnTap","3","1","high","hôm nay","relative"
"chj ơi e nộp bài muộn đc k ạ","Nhắc nhở","NhacNho","3","0","low","","none"
"chuẩn bị final lụi 🤯","Thi cuối kỳ","ThiCuoiKy","4","1","high","cuối tuần","relative"
"Mình cần ôn gấp cho bài thi giữa kỳ Kỹ thuật điện, nội dung khá nhiều.","Thi giữa kỳ Kỹ thuật điện, nội dung khá nhiề","ThiCuoiKy","5","1","high","","submission"
"Bài tập môn Lập trình Prolog có vài câu khó, mình đang đối chiếu tài liệu.","Bài tập","BaiTap","5","1","low","","submission"
"bài tập Mạng máy tính về nhà tuần này dài ngoằng","Bài tập","BaiTap","4","1","low","","submission"
"chj ơi e k hiểu bài quiz tuần này 😐","Kiểm tra","KiemTraThuongXuyen","3","1","low","","submission"
"ôn de cương","Ôn tập","OnTap","3","1","medium","tối nay","relative"
"Thi giữa kỳ môn Toán rời rạc sắp diễn ra, mình đang ôn theo đề cương.","Thi giữa kỳ môn Toán rời rạc sắp diễn ra, mì","ThiCuoiKy","4","1","high","","submission"
"Thầy yêu cầu nộp báo cáo thực hành môn Vẽ kỹ thuật bằng AutoCAD trước 8h thứ 5.","Nhắc nhở","NhacNho","3","1","high","thứ 5","weekday"
"báo cáo Kỹ năng mềm làm thuyết trình ez","Ôn tập","OnTap","2","0","low","","none"
"nhớ mang theo laptop thực hành Cơ sở dữ liệu nha","Nhắc nhở","NhacNho","2","0","low","","none"
"Bai tap này khó quá, có ai làm xong chưa?","Nhắc nhở","NhacNho","5","0","low","","none"
"pop quiz Triết dễ ăn điểm lắm 😭","Kiểm tra","KiemTraThuongXuyen","3","1","low","","submission"
"deadline ôn thi cuối kỳ Lý đang tới gần ak","Thi cuối kỳ Lý đang tới gần ak","ThiCuoiKy","4","1","high","","submission"
"mai kt 1 tiết Hóa sợ toang","Nhắc nhở","NhacNho","5","1","high","mai","relative"
"hôm nay ôn tập Kỹ năng mềm nhé mọi người zz","Ôn tập","OnTap","3","1","high","hôm nay","relative"
"đừng quên nộp lệ phí học Hóa ae ơi 😂","Nhắc nhở","NhacNho","1","0","low","","none"
"Bài presentation nhóm mình làm đến đâu rồi, có cần thêm gì không?","Nhắc nhở","NhacNho","3","0","low","","none"
"mày nộp bài chưa tao copy past nha lẹ lẹ ông kia check h","Nhắc nhở","NhacNho","3","0","low","","none"
"chú ý lịch học bù Cơ sở dữ liệu tuần sau 🔥","Ôn tập","OnTap","2","1","medium","tuần sau","relative"
"Kiểm tra 15 phút môn Cơ học kỹ thuật đầu giờ thứ 5, ôn phần tĩnh học cân bằng.","Kiểm tra 15 phút môn Cơ học kỹ thuật đầu giờ thứ ","KiemTraThuongXuyen","3","1","high","thứ 5","weekday"
"báo cáo Toán làm thuyết trình ez ak","Ôn tập","OnTap","2","0","low","","none"
"mai kt 1 tiết Toán sợ toang","Nhắc nhở","NhacNho","5","1","high","mai","relative"
"thầy bảo mai có pop quiz đấy ae cẩn thận","Kiểm tra","KiemTraThuongXuyen","3","1","high","mai","relative"
"cuối tuần phải review lại Lý cho kỹ","Review bài","OnTap","2","1","medium","cuối tuần","relative"
"tuan sau test midterm kinh te vi mo do nhe","Kiểm tra","KiemTraThuongXuyen","3","1","medium","tuan sau","relative"
"thi final mà t ngồi gãi đít từ đầu h tới cúi h","Thi final mà t ngồi gãi đít từ đầu h tới cúi","ThiCuoiKy","3","1","high","","submission"
"ai lom xong assignment Lu chưa cho t copy tẹo =))","Bài tập","BaiTap","3","1","low","","submission"
"đừng quên nộp lệ phí học Lý ae ơi","Nhắc nhở","NhacNho","1","0","low","","none"
"co cho xe k tao wa ru ruoc roi di hoc chung","Nhắc nhở","NhacNho","3","0","low","","none"
"gấp gấp ai làm xong bt lập trình chưa","Nhắc nhở","NhacNho","5","0","low","","none"
"ktra 1 tiết toán gấp 📝","Kiểm tra 1 tiết","KiemTraThuongXuyen","2","1","medium","mai","relative"
"Bài tập về nhà môn Phân tích mạch điện cần hoàn thành sớm để kịp hạn nộp.","Bài tập","BaiTap","3","1","high","","submission"
"team mình tóm tắt bài giảng","Ôn tập","OnTap","2","0","low","","none"
"học bù phần mạng máy tính","Ôn tập","OnTap","2","0","low","","none"
"Bài tập phần lập trình socket môn Lập trình mạng nộp thứ 4, làm cả client và server.","Bài tập","BaiTap","3","1","high","thứ 4","weekday"
"t mai test anh văn vl 😵‍💫","Test","KiemTraThuongXuyen","2","1","high","tuần sau","relative"
"Nhóm mình bảo vệ đồ án môn Hệ thống nhúng vào thứ 6 tuần 16, demo phần cứng trực tiếp.","Làm project","BaiTap","4","1","medium","thứ 6","weekday"
"project môn Lý đang trễ tiến độ zz","Làm project","BaiTap","4","1","low","","submission"
"tới công chiện gòi cô bắt viết tay 5 trang","Ôn tập","OnTap","3","0","low","","none"
"học trc quên sau não cá vàng vl","Nhắc nhở","NhacNho","3","0","low","","none"
"thu 6 ktra speaking 1-1 t xo qus m oi","Kiểm tra speaking 1-1 t xo qus m oi","KiemTraThuongXuyen","3","1","high","","submission"
"Thứ 6 tuần sau kiểm tra 1 tiết Anh nha, khá khó.","Kiểm tra 1 tiết Anh nha, khá khó","KiemTraThuongXuyen","3","1","high","thứ 6","weekday"
"ôn Lý sương sương thôi ak","Ôn tập","OnTap","2","0","low","","none"
"mai nộp pj r mà đéo có idea j","Nhắc nhở","NhacNho","3","1","high","mai","relative"
"kiểm tra nhanh cuối buổi","Kiểm tra","KiemTraThuongXuyen","3","1","medium","chiều nay","relative"
"tao thi qua môn là được x100 ✨","Thi","ThiCuoiKy","4","1","medium","cuối tuần","relative"
"deadline ôn thi cuối kỳ Hóa đang tới gần","Thi cuối kỳ Hóa đang tới gần","ThiCuoiKy","4","1","high","","submission"
"bai ktra cua mng nay ok k mk làm sai cmn câu cúi huhu","Kiểm tra cua mng nay ok k mk làm sai cmn câu cúi ","KiemTraThuongXuyen","3","1","high","nay","relative"
"nhóm mình làm xong chưa 😐","Nhắc nhở","NhacNho","3","0","low","","none"
"em mai thi hóa","Thi","ThiCuoiKy","4","1","high","tháng sau","relative"
"Em chưa hiểu bài quiz tuần này, có ai giải thích giúp em không, em hỏi nhiều lần rồi","Kiểm tra","KiemTraThuongXuyen","3","1","low","","submission"
"tao ktra 1 tiết toán","Kiểm tra 1 tiết","KiemTraThuongXuyen","2","1","medium","thứ 3","weekday"
"Tuần này có bài kiểm tra môn Lịch sử Đảng, mình đang ôn lại nội dung chính.","Kiểm tra môn Lịch sử Đảng, mình đang ôn lại nội d","KiemTraThuongXuyen","3","1","high","","submission"
"ngồi cày lại Mạng máy tính mệt vl 😭 👍","Nhắc nhở","NhacNho","5","0","low","","none"
"Mày có xem phim gì hay không, tao rảnh quá.","Nhắc nhở","NhacNho","3","0","low","","none"
"ôi trời kiểm tra 1 tiết mà học hok vô gì hết, chắc chớt rồi","Kiểm tra 1 tiết mà học hok vô gì hết, chắc chớt r","KiemTraThuongXuyen","3","1","high","","submission"
"deadline ôn thi cuối kỳ Toán đang tới gần 🔥","Thi cuối kỳ Toán đang tới gần 🔥","ThiCuoiKy","4","1","high","","submission"
"nay làm bài tập dc có 5 điểm trầm cảm cmnl","Bài tập","BaiTap","3","1","high","nay","relative"
"em ktra 1 tiết toán gấp ✨","Kiểm tra 1 tiết","KiemTraThuongXuyen","4","1","medium","thứ 3","weekday"
"deadline ôn thi cuối kỳ Kỹ năng mềm đang tới gần 🔥","Thi cuối kỳ Kỹ năng mềm đang tới gần 🔥","ThiCuoiKy","4","1","high","","submission"
"mng đ qên hnay p rep mail của sếp nhé","Nhắc nhở","NhacNho","3","1","low","nay","relative"
"Thầy dạy chán quá","Nhắc nhở","NhacNho","3","0","low","","none"
"hôm nay ôn tập Lý nhé mọi người","Ôn tập","OnTap","3","1","high","hôm nay","relative"
"m test anh văn","Test","KiemTraThuongXuyen","4","1","high","hôm nay","relative"
"Deadline đồ án Kỹ thuật phần mềm đã gần, mình cần hoàn thiện phần demo.","Làm project","BaiTap","4","1","high","","submission"
"chú ý lịch học bù Triết tuần sau","Ôn tập","OnTap","2","1","medium","tuần sau","relative"
"ngồi cày lại Cơ sở dữ liệu mệt vl 😭","Nhắc nhở","NhacNho","5","0","low","","none"
"pop quiz môn sinh chiều nay","Quiz","KiemTraThuongXuyen","3","1","medium","chiều nay","relative"
"Thầy cô nhắc nộp bài tập nhóm Tâm lý khách hàng, mình đang tổng hợp nội dung.","Bài tập","BaiTap","3","1","high","","submission"
"Mình chưa xong bài tập Lập trình SQL, tối nay phải làm dứt điểm.","Bài tập","BaiTap","3","1","high","tối nay","relative"
"Bài tập môn Kiến trúc máy tính có vài câu khó, mình đang đối chiếu tài liệu.","Bài tập","BaiTap","5","1","low","","submission"
"Bài tập lập trình Python chương 7 nộp thứ 6, làm phần xử lý chuỗi.","Bài tập","BaiTap","3","1","high","thứ 6","weekday"
"Deadline bài tập lớn môn Kỹ thuật phần mềm sắp tới, mình đang hoàn thiện phần cuối.","Bài tập","BaiTap","3","1","high","","submission"
"mk chia tien in an pj ntn ae","Nhắc nhở","NhacNho","3","0","low","","none"
"chuẩn bị thi môn mạng máy tính thấy bảo rớt nhiều lắm","Thi môn mạng máy tính thấy bảo rớt nhiều lắm","ThiCuoiKy","4","1","high","","submission"
"ai làm xong assignment Triết chưa cho t copy tẹo =)) 😂","Bài tập","BaiTap","3","1","low","","submission"
"project môn Lý đang trễ tiến độ hz","Làm project","BaiTap","4","1","low","","submission"
"nay lm bt vui vẻ vl d bị lỗi hnao 😍","Nhắc nhở","NhacNho","3","1","high","nay","relative"
"báo cáo Lập trình làm thuyết trình ez vkl","Ôn tập","OnTap","2","0","low","","none"
"xong môn này ăn nhậu xõa nha ae","Nhắc nhở","NhacNho","3","0","low","","none"
"tốn bao tiền vào cf học m k vào đc chữ nào","Nhắc nhở","NhacNho","3","0","low","","none"
"bọn mình thi giữa kỳ triết 🥲 ⏰","Thi","ThiCuoiKy","5","1","medium","tháng sau","relative"
"ôn Mạng máy tính sương sương thôi","Ôn tập","OnTap","2","0","low","","none"
"Đợt thi giữa kỳ môn Nguyên lý kế toán khó hơn mình dự kiến, phải tập trung hơn.","Thi giữa kỳ môn Nguyên lý kế toán khó hơn mì","ThiCuoiKy","4","1","high","","submission"
"bọn mình tóm tắt bài giảng chill 🔥","Ôn tập","OnTap","1","0","low","","none"
"Deadline đồ án Lập trình mobile đã gần, mình cần hoàn thiện phần demo.","Làm project","BaiTap","4","1","high","","submission"
"Deadline bài tập lớn môn Triết học Mác - Lênin sắp tới, mình đang hoàn thiện phần cuối.","Bài tập","BaiTap","3","1","high","","submission"
"pop quiz Lập trình dễ ăn điểm lắm 🔥","Kiểm tra","KiemTraThuongXuyen","3","1","low","","submission"
"th 3 ktra 15p sử","Kiểm tra 15 phút","KiemTraThuongXuyen","4","1","high","hôm nay","relative"
"Đồ án môn Kỹ thuật phần mềm nộp cuối học kỳ, bảo vệ dự kiến tuần 17.","Làm project","BaiTap","4","1","high","","submission"
"Nhóm mình cần nộp bài tập môn Kế toán tài chính trong tuần này.","Bài tập","BaiTap","3","1","high","","submission"
"Mình cần ôn gấp cho bài thi giữa kỳ Tài chính doanh nghiệp, nội dung khá nhiều.","Thi giữa kỳ Tài chính doanh nghiệp, nội dung","ThiCuoiKy","5","1","high","","submission"
"ai lom xong assignment Mạng may tinh chưa cho t copy tẹo =))","Bài tập","BaiTap","3","1","low","","submission"
"ôn Lý sương sương thôi vkl","Ôn tập","OnTap","2","0","low","","none"
"báo cáo Hóa làm thuyết trình ez vkl","Ôn tập","OnTap","2","0","low","","none"
"Cuộc sống sinh viên sao khổ quá, chán chường vcl.","Nhắc nhở","NhacNho","3","0","low","","none"
"mng oi phan t lam t gui link drive r dzo ktra xem ok chua","Kiểm tra xem ok chua","KiemTraThuongXuyen","3","1","high","","submission"
"cuối tuần phải review lại Cơ sở dữ liệu cho kỹ","Review bài","OnTap","2","1","medium","cuối tuần","relative"
"Đồ án môn Trí tuệ nhân tạo yêu cầu cả báo cáo và source, mình đang soạn lại tài liệu.","Làm project","BaiTap","4","1","low","","submission"
"báo cáo Mạng máy tính làm thuyết trình ez 😂","Ôn tập","OnTap","2","0","low","","none"
"sếp bảo mai nộp plan cho project mới á ae","Làm project","BaiTap","4","1","high","mai","relative"
"mai kt 1 tiết Triết sợ toang hz","Nhắc nhở","NhacNho","5","1","high","mai","relative"
"btl marketing nhóm 5 mai nộp ai chưa làm mau lên","Nhắc nhở","NhacNho","3","1","high","mai","relative"
"Đồ án môn Mạng no-ron nhân tạo yêu cầu cả báo cáo và source, mình đang soạn lại tài liệu.","Làm project","BaiTap","4","1","low","","submission"
"Chị ơi, em chưa hiểu bài quiz","Kiểm tra","KiemTraThuongXuyen","3","1","low","","submission"
"ô n thi đợt này :)) 😵‍💫","Thi","ThiCuoiKy","3","1","high","thứ 2","weekday"
"bài tập chương 4 giải tích mk ko hiểu gì hết, nộp t4 mà","Bài tập","BaiTap","3","1","high","t4","weekday"
"cày đề toán tối nay 🥲 📝","Ôn tập","OnTap","3","1","medium","tối nay","relative"
"deadline ôn thi cuối kỳ Triết đang tới gần","Thi cuối kỳ Triết đang tới gần","ThiCuoiKy","4","1","high","","submission"
"ai làm xong assignment Mạng máy tính chưa cho t copy tẹo =))","Bài tập","BaiTap","3","1","low","","submission"
"pop quiz Mạng máy tính dễ ăn điểm lắm 🔥","Kiểm tra","KiemTraThuongXuyen","3","1","low","","submission"
"lịch exam ra rồi 🥲 🧠","Thi","ThiCuoiKy","5","1","high","cuối tuần","relative"
"chú ý lịch học bù Mạng máy tính tuần sau","Ôn tập","OnTap","2","1","medium","tuần sau","relative"
"Ai có đề cương thi cuối kỳ môn Máy điện cho mình xin tham khảo.","Thi cuối kỳ môn Máy điện cho mình xin tham k","ThiCuoiKy","3","1","high","","submission"
"Nhóm tụi mình làm báo cáo môn Xã hội học, phần khảo sát phải có ít nhất 50 mẫu.","Nhắc nhở","NhacNho","3","0","low","","none"
"báo cáo Cơ sở dữ liệu làm thuyết trình ez hz","Ôn tập","OnTap","2","0","low","","none"
"nhóm bạn hùng hqua present dc cô khen qá chừng mik p cố lên","Ôn tập","OnTap","3","0","low","","none"
"Bài tập về nhà môn Kiến trúc máy tính cần hoàn thành sớm để kịp hạn nộp.","Bài tập","BaiTap","3","1","high","","submission"
"exam mô chill 📝","Thi cuối kỳ","ThiCuoiKy","5","1","medium","mai","relative"
"cuối tuần tao qua nhà m review lại bài nhe","Review bài","OnTap","3","1","medium","cuối tuần","relative"
"deadline assignment 2 là tối thứ 6 nha mn","Bài tập","BaiTap","3","1","high","thứ 6","weekday"
"bài tiểu luận mình viết đc 300 chữ mà còn 1200 chữ nữa, mai nộp khóc thôi","Nhắc nhở","NhacNho","5","1","high","mai","relative"
"Mình phải nộp bài tập lớn Giải tích trong tuần này, ai rảnh review giúp mình không?","Bài tập","BaiTap","3","1","high","","submission"
"tao lo phần design ui ux nha","Nhắc nhở","NhacNho","3","0","low","","none"
"Ê chiều nay đi đá bóng nha","Nhắc nhở","NhacNho","3","1","high","nay","relative"
"nhớ mang theo laptop thực honh Triết nha","Nhắc nhở","NhacNho","2","0","low","","none"
"aừng quen nộp lệ phi học Mạng may tinh ae di","Nhắc nhở","NhacNho","1","0","low","","none"
"bài này làm gì vậy ạ?","Nhắc nhở","NhacNho","3","0","low","","none"
"ủa thứ 2 có fải nộp bài k mng","Nhắc nhở","NhacNho","3","1","high","thứ 2","weekday"
"ai làm xong assignment Hóa chưa cho t copy tẹo =))","Bài tập","BaiTap","3","1","low","","submission"
"Môn Giải phẫu học thi cuối kỳ khá khó, cần ôn theo từng chương.","Thi cuối kỳ khá khó, cần ôn theo từng chương","ThiCuoiKy","5","1","high","","submission"
"mai mang thẻ sv đi ms dc vô phg thi nha tml tao nhắc r đấy","Thi nha tml tao nhắc r đấy","ThiCuoiKy","3","1","high","mai","relative"
"Bài tập lớn môn Mạng máy tính khá nặng, mình đang chia nhỏ công việc để làm dần.","Bài tập","BaiTap","3","1","low","","submission"
"toi nay thuc khuya lam not cai report","Làm report","BaiTap","3","1","high","nay","relative"
"Deadline bài tập lớn môn Luật kinh tế sắp tới, mình đang hoàn thiện phần cuối.","Bài tập","BaiTap","3","1","high","","submission"
"Môn Sinh lý học thi cuối kỳ khá khó, cần ôn theo từng chương.","Thi cuối kỳ khá khó, cần ôn theo từng chương","ThiCuoiKy","5","1","high","","submission"
"ai làm đồ án chưa, nhóm mình chưa bắt đầu gì luôn mà hạn tuần sau rồi","Làm project","BaiTap","4","1","medium","tuần sau","relative"
"project môn Cơ sở dữ liệu đang trễ tiến độ 😭","Làm project","BaiTap","4","1","low","","submission"
"Tuần này có bài kiểm tra môn An toàn thông tin, mình đang ôn lại nội dung chính.","Kiểm tra môn An toàn thông tin, mình đang ôn lại ","KiemTraThuongXuyen","3","1","high","","submission"
"ôi trời ơi nộp bài rồi mà thầy bảo sai định dạng, làm lại từ đầu không khóc được","Nhắc nhở","NhacNho","5","0","low","","none"
"bài tập Kỹ năng mềm về nhà tuần này dài ngoằng 😂","Bài tập","BaiTap","4","1","low","","submission"
"Bài tập thực hành môn Vi điều khiển tuần này lập trình LED nhấp nháy, nộp file code thứ 4.","Bài tập","BaiTap","3","1","high","thứ 4","weekday"
"đụ má rớt môn chắc luôm r thi gì khó như quỷ","Thi gì khó như quỷ","ThiCuoiKy","5","1","high","","submission"
"Cô nhắc làm tiểu luận môn Văn học nộp trước ngày 20 tháng này nha.","Nhắc nhở","NhacNho","3","0","low","","none"
"chu u lịch học bo Lập trenh tuần sau","Nhắc nhở","NhacNho","2","1","medium","tuần sau","relative"
"tháng sau là final exam r ae tập trung nha","Kiểm tra","ThiCuoiKy","3","1","low","","submission"
"Thi lại môn Toán rời rạc đợt này phải ôn kỹ phần logic và lý thuyết đồ thị.","Thi lại môn Toán rời rạc đợt này phải ôn kỹ ","ThiCuoiKy","4","1","high","","submission"
"thi c cuối tuần","Thi","ThiCuoiKy","4","1","medium","thứ 2","weekday"
"team mình pop quiz môn sinh chiều nay lụm 📝","Quiz","KiemTraThuongXuyen","3","1","medium","mai","relative"
"project môn Cơ sở dữ liệu đang trễ tiến độ","Làm project","BaiTap","4","1","low","","submission"
"mai kt 1 tiết Triết sợ toang 😭","Nhắc nhở","NhacNho","5","1","high","mai","relative"
"Môn Kỹ thuật số thi cuối kỳ khá khó, cần ôn theo từng chương.","Thi cuối kỳ khá khó, cần ôn theo từng chương","ThiCuoiKy","5","1","high","","submission"
"bọn mình quiz anh văn vl ✨","Quiz","KiemTraThuongXuyen","2","1","medium","thứ 3","weekday"
"deadline ôn thi cuối kỳ Lập trình đang tới gần 🔥","Thi cuối kỳ Lập trình đang tới gần 🔥","ThiCuoiKy","4","1","high","","submission"
"pop quiz Hoa dễ yn aiểm lắm","Kiểm tra","KiemTraThuongXuyen","3","1","low","","submission"
"đừng quên nộp lệ phí học Hóa ae ơi","Nhắc nhở","NhacNho","1","0","low","","none"
"có pro nào tổng hợp công thức vật lí đại cương phần quang hq chưa","Nhắc nhở","NhacNho","3","0","low","","none"
"pop quiz Toán dễ ăn điểm lắm 🔥","Kiểm tra","KiemTraThuongXuyen","3","1","low","","submission"
"Chị ơi, em chưa hiểu bài này, giúp em với.","Nhắc nhở","NhacNho","3","0","low","","none"
"Bài tập lớn môn Kỹ thuật phần mềm khá nặng, mình đang chia nhỏ công việc để làm dần.","Bài tập","BaiTap","3","1","low","","submission"
"Môn Nguyên lý máy thi cuối kỳ khá khó, cần ôn theo từng chương.","Thi cuối kỳ khá khó, cần ôn theo từng chương","ThiCuoiKy","5","1","high","","submission"
"bài test ngắn hôm nay căng 🙃","Test","KiemTraThuongXuyen","3","1","high","mai","relative"
"Thi giữa kỳ môn Nguyên lý kế toán sắp diễn ra, mình đang ôn theo đề cương.","Thi giữa kỳ môn Nguyên lý kế toán sắp diễn r","ThiCuoiKy","4","1","high","","submission"
"team mình m test anh văn :)) 💀","Test","KiemTraThuongXuyen","3","1","medium","mai","relative"
"đừng quên nộp lệ phí học Mạng máy tính ae ơi 😭","Nhắc nhở","NhacNho","1","0","low","","none"
"thi cuối kỳ toán","Thi cuối kỳ","ThiCuoiKy","3","1","high","mai","relative"
"Thi cuối kỳ môn Kế toán quản trị đang đến gần, mình bắt đầu ôn từ hôm nay.","Thi cuối kỳ môn Kế toán quản trị đang đến gầ","ThiCuoiKy","4","1","high","hôm nay","relative"
"bao cao Kỹ nyng mềm lom thuyết trenh ez","Nhắc nhở","NhacNho","2","0","low","","none"
"project môn Lập trình đang trễ tiến độ ak","Làm project","BaiTap","4","1","low","","submission"
"Thi giữa kỳ môn Giải tích 2 sắp diễn ra, mình đang ôn theo đề cương.","Thi giữa kỳ môn Giải tích 2 sắp diễn ra, mìn","ThiCuoiKy","3","1","high","","submission"
"Chị ơi, e nộp bài report vào 20/10 đc k ạ?","Làm report","BaiTap","3","1","high","","submission"
"báo cáo Kỹ năng mềm làm thuyết trình ez vkl","Ôn tập","OnTap","2","0","low","","none"
"chuẩn bị thi final Triết rôi lo quá 😭","Thi final Triết rôi lo quá 😭","ThiCuoiKy","5","1","high","","submission"
"15p tin học tuan sau x100 📝","Kiểm tra 15 phút","KiemTraThuongXuyen","4","1","high","chiều nay","relative"
"team mình exam mô","Thi cuối kỳ","ThiCuoiKy","4","1","medium","cuối tuần","relative"
"Tuần này có bài kiểm tra môn Toán cao cấp, mình đang ôn lại nội dung chính.","Kiểm tra môn Toán cao cấp, mình đang ôn lại nội d","KiemTraThuongXuyen","3","1","high","","submission"
"Thứ 5 này nộp đồ án môn Lập trình hướng đối tượng, nhóm mình code xong phần giao diện rồi nha.","Làm project","BaiTap","4","1","high","thứ 5","weekday"
"mai kt 1 tiết Lý sợ toang","Nhắc nhở","NhacNho","5","1","high","mai","relative"
"ê thi dc mang máy tính casio zo ko m","Thi dc mang máy tính casio zo ko m","ThiCuoiKy","3","1","high","","submission"
"hôm nay ôn tập Triết nhé mọi người","Ôn tập","OnTap","3","1","high","hôm nay","relative"
"kiểm tra nhanh cuối buổi gấp ⏰","Kiểm tra","KiemTraThuongXuyen","4","1","medium","tuần sau","relative"
"cày đề toán tối nay","Ôn tập","OnTap","2","1","medium","","none"
"thi qua môn là được","Thi","ThiCuoiKy","5","1","medium","thứ 2","weekday"
"Chiều mai kiểm tra Toán cao cấp, ai còn tài liệu ôn tập cho mình xin với.","Kiểm tra Toán cao cấp, ai còn tài liệu ôn tập cho","KiemTraThuongXuyen","3","1","high","mai","relative"
"final exam mạng máy tính","Thi cuối kỳ","ThiCuoiKy","5","1","high","tháng sau","relative"
"đề thi này đ dnhf cho học sinh con người má ác dã man","Thi này đ dnhf cho học sinh con người má ác ","ThiCuoiKy","3","1","high","","submission"
"pop quiz Hóa dễ ăn điểm lắm 😭","Kiểm tra","KiemTraThuongXuyen","3","1","low","","submission"
"on Kỹ nyng mềm sưdng sưdng thoi","Nhắc nhở","NhacNho","2","0","low","","none"
"t giải de c++ 🥲 💀","Giải đề","OnTap","3","1","medium","tuần sau","relative"
"Thứ 3 tuần sau kiểm tra 1 tiết môn Hóa phân tích, ôn kỹ phương pháp chuẩn độ.","Kiểm tra 1 tiết môn Hóa phân tích, ôn kỹ phương p","KiemTraThuongXuyen","3","1","high","thứ 3","weekday"
"hôm nay ôn tập Kỹ năng mềm nhé mọi người","Ôn tập","OnTap","3","1","high","hôm nay","relative"
"mai kt 1 tiết Kỹ năng mềm sợ toang 😭","Nhắc nhở","NhacNho","5","1","high","mai","relative"
"chuẩn bị nộp hw 2 mng nhớ ktra lại đạo văn nha","Kiểm tra lại đạo văn nha","KiemTraThuongXuyen","3","1","high","","submission"
"Đợt thi giữa kỳ môn Toán rời rạc khó hơn mình dự kiến, phải tập trung hơn.","Thi giữa kỳ môn Toán rời rạc khó hơn mình dự","ThiCuoiKy","4","1","high","","submission"
"Ai có đề cương thi cuối kỳ môn Giải phẫu học cho mình xin tham khảo.","Thi cuối kỳ môn Giải phẫu học cho mình xin t","ThiCuoiKy","3","1","high","","submission"
"báo cáo Kỹ năng mềm làm thuyết trình ez ak","Ôn tập","OnTap","2","0","low","","none"
"final exam mạng máy tính kk 💀","Thi cuối kỳ","ThiCuoiKy","4","1","high","thứ 2","weekday"
"Ê đứa nào muốn đi karaoke tối thứ 6 không?","Nhắc nhở","NhacNho","3","1","medium","thứ 6","weekday"
"ktra 1 tiết toán haha ⏰","Kiểm tra 1 tiết","KiemTraThuongXuyen","3","1","high","tuần sau","relative"
"trốn về trc ko ae chứ ngồi đít đau cmnr","Nhắc nhở","NhacNho","3","0","low","","none"
"đừng quen lm khao sat cua khoa nha mk","Nhắc nhở","NhacNho","3","0","low","","none"
"report Lý làm thuyết trình ez","Làm report","BaiTap","3","1","low","","submission"
"ôn Triết sương sương thôi vkl","Ôn tập","OnTap","2","0","low","","none"
"tao quiz anh văn","Quiz","KiemTraThuongXuyen","2","1","medium","tuần sau","relative"
"tổng kết lại chương 1 có ai ch hiểu khúc nào ko","Nhắc nhở","NhacNho","3","0","low","","none"
"bai ktra hs2 mak de vkl tao 10 d r mn oi","Kiểm tra hs2 mak de vkl tao 10 d r mn oi","KiemTraThuongXuyen","3","1","high","","submission"
"pop quiz Hóa dễ ăn điểm lắm","Kiểm tra","KiemTraThuongXuyen","3","1","low","","submission"
"thi giữa kỳ triết","Thi","ThiCuoiKy","4","1","high","cuối tuần","relative"
"tóm tắt bài giảng x100 🔥","Ôn tập","OnTap","3","0","low","","none"
"Thứ 3 tuần này thi giữa kỳ môn Kinh tế vi mô, ôn kỹ chương 3 và 4 nha.","Thi giữa kỳ môn Kinh tế vi mô, ôn kỹ chương ","ThiCuoiKy","3","1","high","thứ 3","weekday"
"chieu nay hoc bu tren giang duong a mn nho nhe","Nhắc nhở","NhacNho","3","1","high","nay","relative"
"có đứa nào có bí kíp qua môn ko share tớ xin","Nhắc nhở","NhacNho","3","0","low","","none"
"Deadline bài tập lớn môn Kinh tế lượng sắp tới, mình đang hoàn thiện phần cuối.","Bài tập","BaiTap","3","1","high","","submission"
"nhớ mang theo laptop thực honh Lập trenh nha","Nhắc nhở","NhacNho","2","0","low","","none"
"ai lom xong assignment Triết chưa cho t copy tẹo =))","Bài tập","BaiTap","3","1","low","","submission"
"Deadline bài tập lớn môn Giải tích sắp tới, mình đang hoàn thiện phần cuối.","Bài tập","BaiTap","3","1","high","","submission"
"Bài kiểm tra thực hành môn Tin học đại cương tuần sau, ôn Excel và Word nha các bạn.","Kiểm tra thực hành môn Tin học đại cương tuần sau","KiemTraThuongXuyen","3","1","high","tuần sau","relative"
"bài hôm qua khó bá cháy đéo biết làm lun","Nhắc nhở","NhacNho","5","0","low","","none"
"pop quiz Mạng máy tính dễ ăn điểm lắm","Kiểm tra","KiemTraThuongXuyen","3","1","low","","submission"
"mai kt 1 tiết Mạng máy tính sợ toang 🔥","Nhắc nhở","NhacNho","5","1","high","mai","relative"
"Tuần này có bài kiểm tra môn Hóa đại cương, mình đang ôn lại nội dung chính.","Kiểm tra môn Hóa đại cương, mình đang ôn lại nội ","KiemTraThuongXuyen","3","1","high","","submission"
"project môn Triết đang trễ tiến độ","Làm project","BaiTap","4","1","low","","submission"
"mai kt 1 tiết Mạng máy tính sợ toang","Nhắc nhở","NhacNho","5","1","high","mai","relative"
"đề cương triết học tận 20 trang wtf","Ôn đề cương","OnTap","3","0","low","","none"
"cuối tuần phải review lại Cd sở dữ liệu cho kỹ","Review bài","OnTap","2","1","medium","cuối tuần","relative"
"Mình phải nộp bài tập lớn Lý thuyết thông tin trong tuần này, ai rảnh review giúp mình không?","Bài tập","BaiTap","3","1","high","","submission"
"hom nay on tập Cd sở dữ liệu nhe mọi người","Nhắc nhở","NhacNho","3","1","high","nay","relative"
"anh ôn de cương 😭 💀","Ôn tập","OnTap","2","0","low","","none"
"mai nghỉ nha cô ốm r 🥳","Nhắc nhở","NhacNho","3","1","high","mai","relative"
"Mình cần chuẩn bị cho bài kiểm tra Kinh tế vĩ mô, độ khó khá cao.","Kiểm tra Kinh tế vĩ mô, độ khó khá cao","KiemTraThuongXuyen","3","1","high","","submission"
"chú ý lịch học bù Hóa tuần sau","Ôn tập","OnTap","2","1","medium","tuần sau","relative"
"chuẩn bị thi final Cd sở dữ liệu roi lo qua","Thi final Cd sở dữ liệu roi lo qua","ThiCuoiKy","5","1","high","","submission"
"project môn Hóa đang trễ tiến độ 🔥","Làm project","BaiTap","4","1","low","","submission"
"th 3 ktra 15p sử chill ✨","Kiểm tra 15 phút","KiemTraThuongXuyen","3","1","medium","hôm nay","relative"
"code chay dc roi ma deploy bi loi wtf","Nhắc nhở","NhacNho","3","0","low","","none"
"ôn Mạng máy tính sương sương thôi 😭","Ôn tập","OnTap","2","0","low","","none"
"Báo cáo thí nghiệm Vật lý buổi 3 nộp trước 17h thứ 6 nha, viết đủ phần xử lý số liệu.","Nhắc nhở","NhacNho","3","1","high","thứ 6","weekday"
"ai giúp e với 😐","Nhắc nhở","NhacNho","3","0","low","","none"
"ae luu ý nay cô gác thi siêu siêu khó lmj nhớ cẩn thận","Thi siêu siêu khó lmj nhớ cẩn thận","ThiCuoiKy","5","1","high","nay","relative"
"nhớ nhắc t nộp tiền quỹ lớp trc t6 nha","Nhắc nhở","NhacNho","3","0","low","","none"
"t cày de toán tối nay đm 🔥","Ôn tập","OnTap","2","1","medium","hôm nay","relative"
"project môn Triết đang trễ tiến độ hz","Làm project","BaiTap","4","1","low","","submission"
"dm thi vấn đáp t run như cầy sấy 🥶","Thi vấn đáp t run như cầy sấy 🥶","ThiCuoiKy","3","1","high","","submission"
"aừng quen nộp lệ phi học Hoa ae di","Nhắc nhở","NhacNho","1","0","low","","none"
"deadline ôn thi cuối kỳ Mạng máy tính đang tới gần 😭","Thi cuối kỳ Mạng máy tính đang tới gần 😭","ThiCuoiKy","4","1","high","","submission"
"Bài tập thực hành môn Kiến trúc máy tính làm mạch tổ hợp nộp thứ 5 tuần này.","Bài tập","BaiTap","3","1","high","thứ 5","weekday"
"toang r mai ktra r m tao di uong tsua d quan tam nx","Kiểm tra r m tao di uong tsua d quan tam nx","KiemTraThuongXuyen","3","1","high","mai","relative"
"tình hình tiến độ cái đồ án tới đâu r ae","Làm project","BaiTap","4","1","low","","submission"
"exam giữa kỳ triết :)) 🔥","Thi","ThiCuoiKy","5","1","high","cuối tuần","relative"
"Kiểm tra thường xuyên môn Sinh học đại cương thứ 4 này, ôn chương tế bào và di truyền.","Kiểm tra thường xuyên môn Sinh học đại cương thứ ","KiemTraThuongXuyen","3","1","high","thứ 4","weekday"
"project môn Mạng máy tính đang trễ tiến độ 👍","Làm project","BaiTap","4","1","low","","submission"
"hqa đ có tgian lm bài lun đi lm thêm mệt quá dcm","Nhắc nhở","NhacNho","3","0","low","","none"
"bài tập Mạng máy tính về nhà tuần này dài ngoằng vkl","Bài tập","BaiTap","4","1","low","","submission"
"team mình m test anh văn 🫠 🙃","Test","KiemTraThuongXuyen","4","1","high","chiều nay","relative"
"Mình cần nộp báo cáo môn Điện lạnh trước hạn, hiện đang hoàn thiện số liệu.","Nhắc nhở","NhacNho","3","0","low","","none"
"ktra nhanh cuối buổi","Kiểm tra","KiemTraThuongXuyen","3","1","high","tuần sau","relative"
"help me 😐","Nhắc nhở","NhacNho","3","0","low","","none"
"ai ranh call t t review ctruc cho","Review bài","OnTap","3","0","low","","none"
"pop quiz Cơ sở dữ liệu dễ ăn điểm lắm 👍","Kiểm tra","KiemTraThuongXuyen","3","1","low","","submission"
"cái pj này t muốn đập đi xây lại mệt mỏi qá r ae","Nhắc nhở","NhacNho","3","0","low","","none"
"đừng quên nộp lệ phí học Kỹ năng mềm ae ơi","Nhắc nhở","NhacNho","1","0","low","","none"
"dm ktx cúp điện r nóng vãi","Nhắc nhở","NhacNho","3","0","low","","none"
"chiều ni đi thư viện cày đề nha m","Ôn tập","OnTap","3","0","low","","none"
"nhớ mang theo laptop thực hành Toán nha","Nhắc nhở","NhacNho","2","0","low","","none"
"mai phai nop bt li roi dm kho vkl","Nhắc nhở","NhacNho","3","1","high","mai","relative"
"ngồi coy lại Kỹ nyng mềm mệt vl 😭","Nhắc nhở","NhacNho","5","0","low","","none"
"Mình cần chuẩn bị cho bài kiểm tra Hóa đại cương, độ khó khá cao.","Kiểm tra Hóa đại cương, độ khó khá cao","KiemTraThuongXuyen","3","1","high","","submission"
"Thứ 6 tuần sau kiểm tra 1 tiết Hóa nha, khá dễ.","Kiểm tra 1 tiết Hóa nha, khá dễ","KiemTraThuongXuyen","3","1","high","thứ 6","weekday"
"Tuần này mưa liên tục, đi lại bất tiện ghê.","Nhắc nhở","NhacNho","3","0","low","","none"
"tuan sau present ma team ch ai lam gi la sao tui m","Ôn tập","OnTap","3","1","medium","tuan sau","relative"
"Bài tập về nhà môn Lập trình Java cần hoàn thành sớm để kịp hạn nộp.","Bài tập","BaiTap","3","1","high","","submission"
"bài tập Cơ sở dữ liệu về nhà tuần này dài ngoằng","Bài tập","BaiTap","4","1","low","","submission"
"ai làm xong assignment Cơ sở dữ liệu chưa cho t copy tẹo =)) 😂","Bài tập","BaiTap","3","1","low","","submission"
"deadline on thi cuối kỳ Mạng may tinh aang tới gần","Thi cuối kỳ Mạng may tinh aang tới gần","ThiCuoiKy","4","1","high","","submission"
"thi qua môn là được x100 📝","Thi","ThiCuoiKy","5","1","high","thứ 2","weekday"
"nộp baoo cáo thực hành hóa buổi 2 roi ma mk chưa viết phần kết luận, ngày mai nộp","Nhắc nhở","NhacNho","3","1","high","ngày mai","relative"
"t ktra miệng hóa","Kiểm tra","KiemTraThuongXuyen","3","1","medium","chiều nay","relative"
"mai đi thi nhớ đem thẻ sv nha m","Thi nhớ đem thẻ sv nha m","ThiCuoiKy","3","1","high","mai","relative"
"em thi c cuối tuần kk 🧠","Thi","ThiCuoiKy","4","1","medium","hôm nay","relative"
"nhắc mng d quên nộp 200k lệ phí thi t anh trc ngày 15/4 nghen","Thi t anh trc ngày 15/4 nghen","ThiCuoiKy","3","1","high","","submission"
"ktra 1 tiết toán","Kiểm tra 1 tiết","KiemTraThuongXuyen","3","1","medium","hôm nay","relative"
"Deadline đồ án Công nghệ phần mềm đã gần, mình cần hoàn thiện phần demo.","Làm project","BaiTap","4","1","high","","submission"
"báo cáo Triết làm thuyết trình ez","Ôn tập","OnTap","2","0","low","","none"
"m giải de c++ 😭 🔥","Giải đề","OnTap","2","1","medium","hôm nay","relative"
"essay mai rồi 😱","Nhắc nhở","NhacNho","3","1","high","mai","relative"
"t xem lại công thức hóa","Ôn tập","OnTap","3","0","low","","none"
"ai làm xong assignment Cơ sở dữ liệu chưa cho t copy tẹo =)) vkl","Bài tập","BaiTap","3","1","low","","submission"
"cuối tuần phải review lại Lý cho kỹ ak","Review bài","OnTap","2","1","medium","cuối tuần","relative"
"hôm nay ôn tập Hóa nhé mọi người","Ôn tập","OnTap","3","1","high","hôm nay","relative"
"Em chưa làm bài homework, ai gửi file cho em với, deadline là tối nay 23h59","Bài tập","BaiTap","3","1","high","tối nay","relative"
"lịch thi ra rồi","Thi","ThiCuoiKy","3","1","high","tháng sau","relative"
"cuối tuần phải review lại Lập trenh cho kỹ","Review bài","OnTap","2","1","medium","cuối tuần","relative"
"Deadline bài tập lớn môn Lý thuyết thông tin sắp tới, mình đang hoàn thiện phần cuối.","Bài tập","BaiTap","3","1","high","","submission"
"đừng quên nộp lệ phí học Triết ae ơi 👍","Nhắc nhở","NhacNho","1","0","low","","none"
"đừng quên nộp lệ phí học Triết ae ơi","Nhắc nhở","NhacNho","1","0","low","","none"
"báo cáo Toán làm thuyết trình ez","Ôn tập","OnTap","2","0","low","","none"
"Bài tập nhóm Nghiên cứu thị trường đang thiếu một vài phần, cần họp nhóm gấp.","Bài tập","BaiTap","5","1","low","","submission"
"Đồ án môn Điều khiển tự động yêu cầu cả báo cáo và source, mình đang soạn lại tài liệu.","Làm project","BaiTap","4","1","low","","submission"
"Em chưa làm xong bài tập, deadline là mai 😅","Bài tập","BaiTap","3","1","high","mai","relative"
"15p tin học tuần sau","Kiểm tra 15 phút","KiemTraThuongXuyen","3","1","high","tuần sau","relative"
"chuẩn bị thi final Toán rôi lo quá","Thi final Toán rôi lo quá","ThiCuoiKy","4","1","high","","submission"
"Tuần này có bài kiểm tra môn Triết học, mình đang ôn lại nội dung chính.","Kiểm tra môn Triết học, mình đang ôn lại nội dung","KiemTraThuongXuyen","3","1","high","","submission"
"Mình cần ôn gấp cho bài thi giữa kỳ Sinh thái học môi trường, nội dung khá nhiều.","Thi giữa kỳ Sinh thái học môi trường, nội du","ThiCuoiKy","5","1","high","","submission"
"pop quiz Mạng may tinh dễ yn aiểm lắm","Kiểm tra","KiemTraThuongXuyen","3","1","low","","submission"
"ai làm xong assignment Kỹ năng mềm chưa cho t copy tẹo =)) hz","Bài tập","BaiTap","3","1","low","","submission"
"t đang nợ môn sml r m tính đi du lịch sao d dm","Nhắc nhở","NhacNho","3","0","low","","none"
"report Mạng máy tính làm thuyết trình ez","Làm report","BaiTap","3","1","low","","submission"
"boi tập Lập trenh về nho tuần noy doi ngoằng","Nhắc nhở","NhacNho","4","0","low","","none"
"t thi c cuối tuần 🥲 ⏰","Thi","ThiCuoiKy","3","1","medium","tháng sau","relative"
"project môn Mạng máy tính đang trễ tiến độ ak","Làm project","BaiTap","4","1","low","","submission"
"Thi giữa kỳ môn Tiếng Anh 3 sắp diễn ra, mình đang ôn theo đề cương.","Thi giữa kỳ môn Tiếng Anh 3 sắp diễn ra, mìn","ThiCuoiKy","3","1","high","","submission"
"Mình phải nộp bài tập lớn Mạng máy tính trong tuần này, ai rảnh review giúp mình không?","Bài tập","BaiTap","3","1","high","","submission"
"team mình thi qua môn là được x100 ✨","Thi","ThiCuoiKy","4","1","high","hôm nay","relative"
"bao gio phai nop ban draft cho thay vay","Nhắc nhở","NhacNho","3","0","low","","none"
"chú ý lịch học bù Mạng máy tính tuần sau 😂","Ôn tập","OnTap","2","1","medium","tuần sau","relative"
"ê m lm bài tập đại số chưa cho t chép dzoi","Bài tập","BaiTap","3","1","low","","submission"
"huhu điểm test 1 thấp quá mk phải cố kéo lại","Kiểm tra","KiemTraThuongXuyen","3","1","low","","submission"
"bai assignment này ko nộp kịp chac ddc đi chăn bò","Bài tập","BaiTap","3","1","high","","submission"
"deadline on thi cuối kỳ Hoa aang tới gần","Thi cuối kỳ Hoa aang tới gần","ThiCuoiKy","4","1","high","","submission"
"ai làm xong assignment Mạng máy tính chưa cho t copy tẹo =)) 😂","Bài tập","BaiTap","3","1","low","","submission"
"thấy mng bảo phần chương 3 dài lắm nên ôn sớm","Ôn tập","OnTap","2","0","low","","none"
"ktra 1 tiết toán chill ✨","Kiểm tra 1 tiết","KiemTraThuongXuyen","3","1","high","mai","relative"
"thi cuối kỳ toán chill 🧠","Thi cuối kỳ","ThiCuoiKy","4","1","medium","tháng sau","relative"
"hôm nay ôn tập Mạng máy tính nhé mọi người 😂","Ôn tập","OnTap","3","1","high","hôm nay","relative"
"chiu nay test vl tao sợ rớt môn","Kiểm tra","KiemTraThuongXuyen","5","1","high","nay","relative"
"review bài hôm qua x100 🔥","Ôn tập","OnTap","2","0","low","","none"
"ngồi coy lại Mạng may tinh mệt vl 😭","Nhắc nhở","NhacNho","5","0","low","","none"
"Thầy nhắc nộp báo cáo Hóa sinh, mình cần kiểm tra lại format trước khi gửi.","Kiểm tra lại format trước khi gửi","KiemTraThuongXuyen","3","1","high","","submission"
"em exam mô căng 🔥","Thi cuối kỳ","ThiCuoiKy","3","1","medium","mai","relative"
"Thi cuối kỳ môn Kỹ thuật số đang đến gần, mình bắt đầu ôn từ hôm nay.","Thi cuối kỳ môn Kỹ thuật số đang đến gần, mì","ThiCuoiKy","3","1","high","hôm nay","relative"
"ôn de cương vl 🔥","Ôn tập","OnTap","2","0","low","","none"
"đi vệ sinh d có giấy cayyy d chịu dc ở dơ vcl trg","Nhắc nhở","NhacNho","3","0","low","","none"
"Chị ơi, em chưa làm xong bài assignment tuần này, deadline là 10h tối mai, mà em đang bị đau đầu 😅, giúp em với","Bài tập","BaiTap","3","1","high","mai","relative"
"lsmf baif test chuwa day bro","Kiểm tra","KiemTraThuongXuyen","3","1","low","","submission"
"cày de toán tối nay x100 😵‍💫","Ôn tập","OnTap","2","1","medium","hôm nay","relative"
"Bài tập môn Lập trình SQL có vài câu khó, mình đang đối chiếu tài liệu.","Bài tập","BaiTap","5","1","low","","submission"
"thứ 7 ở nhà ôn thi nha m ko đi chơi đâu","Thi nha m ko đi chơi đâu","ThiCuoiKy","3","1","high","thứ 7","weekday"
"Mình cần ôn gấp cho bài thi giữa kỳ Toán cao cấp A3, nội dung khá nhiều.","Thi giữa kỳ Toán cao cấp A3, nội dung khá nh","ThiCuoiKy","4","1","high","","submission"
"project mon Lập trenh aang trễ tiến aộ","Làm project","BaiTap","4","1","low","","submission"
"Kiểm tra giữa kỳ môn Hệ điều hành vào tuần 8, ôn phần quản lý tiến trình và bộ nhớ.","Kiểm tra giữa kỳ môn Hệ điều hành vào tuần 8, ôn ","KiemTraThuongXuyen","3","1","high","","submission"
"ôn Triết sương sương thôi ak","Ôn tập","OnTap","2","0","low","","none"
"boi tập Hoa về nho tuần noy doi ngoằng","Nhắc nhở","NhacNho","4","0","low","","none"
"pop quiz môn sinh chiều nay vcl ⏰","Quiz","KiemTraThuongXuyen","3","1","medium","hôm nay","relative"
"project mon Mạng may tinh aang trễ tiến aộ","Làm project","BaiTap","4","1","low","","submission"
"kiểm tra miệng hóa","Kiểm tra","KiemTraThuongXuyen","3","1","medium","hôm nay","relative"
"thay cho quiz tren lms a mn vào lm lẹ 5p nữa đóng","Kiểm tra","KiemTraThuongXuyen","3","1","low","","submission"
"Cô thông báo kiểm tra 1 tiết môn Kỹ năng thuyết trình tuần 7, mỗi bạn nói 3 phút về chủ đề tự chọn.","Kiểm tra 1 tiết môn Kỹ năng thuyết trình tuần 7, ","KiemTraThuongXuyen","3","1","high","","submission"
"project môn Lập trình đang trễ tiến độ 👍","Làm project","BaiTap","4","1","low","","submission"
"pop quiz Kỹ năng mềm dễ ăn điểm lắm 😭","Kiểm tra","KiemTraThuongXuyen","3","1","low","","submission"
"thứ 3 ktra 15p sử lụi 📝","Kiểm tra 15 phút","KiemTraThuongXuyen","4","1","high","hôm nay","relative"
"Mình phải nộp bài tập lớn Triết học Mác - Lênin trong tuần này, ai rảnh review giúp mình không?","Bài tập","BaiTap","3","1","high","","submission"
"chị ơi e nộp report 20/10 đc k?","Làm report","BaiTap","3","1","high","","submission"
"chiều t3 họp group tóm tắt slide nha đ đi phạt 50k","Ôn tập","OnTap","3","0","low","t3","weekday"
"chú ý lịch học bù Lý tuần sau","Ôn tập","OnTap","2","1","medium","tuần sau","relative"
"ngồi cày lại Lập trình mệt vl 😭","Nhắc nhở","NhacNho","5","0","low","","none"
"cuối tuần phải review lại Lập trình cho kỹ vkl","Review bài","OnTap","2","1","medium","cuối tuần","relative"
"Chị ơi, em chưa làm xong bài assignment tuần này, deadline là 10h tối nay 😅","Bài tập","BaiTap","3","1","high","tối nay","relative"
"Môn Máy điện thi cuối kỳ khá khó, cần ôn theo từng chương.","Thi cuối kỳ khá khó, cần ôn theo từng chương","ThiCuoiKy","5","1","high","","submission"
"assignment Triết về nhà tuần này dài ngoằng","Bài tập","BaiTap","4","1","low","","submission"
"chuẩn bị thi final Mạng may tinh roi lo qua","Thi final Mạng may tinh roi lo qua","ThiCuoiKy","4","1","high","","submission"
"tao cày đề toán tối nay","Ôn tập","OnTap","2","1","medium","hôm nay","relative"
"bao cao Mạng may tinh lom thuyết trenh ez","Nhắc nhở","NhacNho","2","0","low","","none"
"Thứ 2 tuần sau kiểm tra 15 phút môn Anh văn chuyên ngành, ôn Unit 3 với 4 nha.","Kiểm tra 15 phút môn Anh văn chuyên ngành, ôn Uni","KiemTraThuongXuyen","3","1","high","thứ 2","weekday"
"thứ mấy thuyết trình nhóm mình vậy, mk lú lẫm hết rồi","Ôn tập","OnTap","3","0","low","","none"
"m exam c cuối tuần :)) 📚","Thi","ThiCuoiKy","5","1","medium","hôm nay","relative"
"mai test anh văn chill 🙃","Test","KiemTraThuongXuyen","3","1","medium","hôm nay","relative"
"nhớ mang theo laptop thực hành Cơ sở dữ liệu nha 😭","Nhắc nhở","NhacNho","2","0","low","","none"
"Tuần này có bài kiểm tra môn Tiếng Anh, mình đang ôn lại nội dung chính.","Kiểm tra môn Tiếng Anh, mình đang ôn lại nội dung","KiemTraThuongXuyen","3","1","high","","submission"
"Kiểm tra 1 tiết môn Vật lý 2 thứ 4 tuần sau, ôn kỹ phần điện từ trường nha.","Kiểm tra 1 tiết môn Vật lý 2 thứ 4 tuần sau, ôn k","KiemTraThuongXuyen","3","1","high","thứ 4","weekday"
"project môn Toán đang trễ tiến độ","Làm project","BaiTap","4","1","low","","submission"
"project môn Cơ sở dữ liệu đang trễ tiến độ hz","Làm project","BaiTap","4","1","low","","submission"
"nhwos nosi thaafy vu kiem tra","Nhắc nhở","NhacNho","3","0","low","","none"
"ai lom xong assignment Hoa chưa cho t copy tẹo =))","Bài tập","BaiTap","3","1","low","","submission"
"project môn Lý đang trễ tiến độ","Làm project","BaiTap","4","1","low","","submission"
"Chị ơi, em chưa hiểu bài này.","Nhắc nhở","NhacNho","3","0","low","","none"
"bọn mình ôn đề cương kk ⏰","Ôn tập","OnTap","2","0","low","","none"
"ngồi cày lại Cơ sở dữ liệu mệt vl 😭 😂","Nhắc nhở","NhacNho","5","0","low","","none"
"mai deadline d roi con ru tao di choi dkmm thg kia","Nhắc nhở","NhacNho","3","1","high","mai","relative"
"cuối tuần phải review lại Triết cho kỹ","Review bài","OnTap","2","1","medium","cuối tuần","relative"
"báo cáo Lý làm thuyết trình ez","Ôn tập","OnTap","2","0","low","","none"
"thi qua môn là vui r k cần điểm cao","Thi qua môn là vui r k cần điểm cao","ThiCuoiKy","3","1","high","","submission"
"đừg đê sếp nhắc nữa ae tóm tắt file lẹ","Ôn tập","OnTap","3","0","low","","none"
"Mình cần chuẩn bị cho bài kiểm tra Lý, độ khó khá cao.","Kiểm tra Lý, độ khó khá cao","KiemTraThuongXuyen","3","1","high","","submission"
"Thi cuối kỳ môn Triết học ngày 15 tháng 12, phần thi tự luận khó lắm.","Thi tự luận khó lắm","ThiCuoiKy","5","1","high","","submission"
"chú ý lịch học bù Lập trình tuần sau zz","Ôn tập","OnTap","2","1","medium","tuần sau","relative"
"pop quiz Cơ sở dữ liệu dễ ăn điểm lắm","Kiểm tra","KiemTraThuongXuyen","3","1","low","","submission"
"báo cáo Cơ sở dữ liệu làm thuyết trình ez","Ôn tập","OnTap","2","0","low","","none"
"Nhóm mình thuyết trình môn Phương pháp nghiên cứu khoa học thứ 5, nộp slide trước hôm đó.","Ôn tập","OnTap","3","1","high","thứ 5","weekday"
"Bài tập lớn môn Kinh tế lượng khá nặng, mình đang chia nhỏ công việc để làm dần.","Bài tập","BaiTap","3","1","low","","submission"
"nộp báo cao thực hành t5 hay t6 vậy mấy bạn, thầy nói mk không nghe","Nhắc nhở","NhacNho","3","0","low","","none"
"team mình thi cuối kỳ toán x100 🧠","Thi cuối kỳ","ThiCuoiKy","4","1","medium","cuối tuần","relative"
"cuối tuần phải review lại Toán cho kỹ","Review bài","OnTap","2","1","medium","cuối tuần","relative"
"on Hoa sưdng sưdng thoi","Nhắc nhở","NhacNho","2","0","low","","none"
"Deadline đồ án Điều khiển tự động đã gần, mình cần hoàn thiện phần demo.","Làm project","BaiTap","4","1","high","","submission"
"mai kt 1 tiết Kỹ nyng mềm sợ toang","Nhắc nhở","NhacNho","5","1","high","mai","relative"
"đọc lại tài liệu triết lụi 🙃","Ôn tập","OnTap","1","0","low","","none"
"báo cáo Lý làm thuyết trình ez 😂","Ôn tập","OnTap","2","0","low","","none"
"deadline đồ án sắp tới mà nhóm chưa họp lần nào, stress vcl","Làm project","BaiTap","4","1","high","","submission"
"tao 15p tin học tuan sau lụi 💀","Kiểm tra 15 phút","KiemTraThuongXuyen","2","1","medium","chiều nay","relative"
"đừng quên nộp lệ phí học Mạng máy tính ae ơi","Nhắc nhở","NhacNho","1","0","low","","none"
"assignment Kỹ năng mềm về nhà tuần này dài ngoằng","Bài tập","BaiTap","4","1","low","","submission"
"anh mai test anh văn căng ⏰","Test","KiemTraThuongXuyen","4","1","medium","thứ 3","weekday"
"ôn thi ccc mai ra cf chơi r tối về cày đêm lun m","Thi ccc mai ra cf chơi r tối về cày đêm lun ","ThiCuoiKy","3","1","high","mai","relative"
"làm nốt cái slide nay đi mk mai r đi coi phim d thư gian j hệt","Ôn tập","OnTap","3","1","high","nay","relative"
"sáng nay căng tin hết mịe bánh bao ăn mì tôm nản vc","Nhắc nhở","NhacNho","3","1","high","nay","relative"
"Môn Lập trình C thi cuối kỳ khá khó, cần ôn theo từng chương.","Thi cuối kỳ khá khó, cần ôn theo từng chương","ThiCuoiKy","5","1","high","","submission"
"Chiều mai kiểm tra Pháp luật đại cương, ai còn tài liệu ôn tập cho mình xin với.","Kiểm tra Pháp luật đại cương, ai còn tài liệu ôn ","KiemTraThuongXuyen","3","1","high","mai","relative"
"final exam mạng máy tính kk 📚","Thi cuối kỳ","ThiCuoiKy","4","1","high","hôm nay","relative"
"pop quiz Toán dễ ăn điểm lắm","Kiểm tra","KiemTraThuongXuyen","3","1","low","","submission"
"chú ý lịch học bù Lập trình tuần sau 😭","Ôn tập","OnTap","2","1","medium","tuần sau","relative"
"Thi cuối kỳ môn Máy điện đang đến gần, mình bắt đầu ôn từ hôm nay.","Thi cuối kỳ môn Máy điện đang đến gần, mình ","ThiCuoiKy","3","1","high","hôm nay","relative"
"Deadline bài tập lớn môn Mạng máy tính sắp tới, mình đang hoàn thiện phần cuối.","Bài tập","BaiTap","3","1","high","","submission"
"em đọc lại tài liệu triết","Ôn tập","OnTap","2","1","medium","tuần sau","relative"
"nhớ mang theo laptop thực hành Lập trình nha","Nhắc nhở","NhacNho","2","0","low","","none"
"xem lại mindmap sinh kk ⏰","Ôn tập","OnTap","2","1","medium","tối nay","relative"
"thi gk mon gi do thang 11 mà mk quên mất tiêu, ai nhớ không","Thi gk mon gi do thang 11 mà mk quên mất tiê","ThiCuoiKy","3","1","high","","submission"
"team mình thứ 3 ktra 15p sử căng 📚","Kiểm tra 15 phút","KiemTraThuongXuyen","3","1","medium","thứ 3","weekday"
"cuối tuần phải review lại Triết cho kỹ ak","Review bài","OnTap","2","1","medium","cuối tuần","relative"
"hợp khoa 14h chiều mai mng ăn mặc lịch sự nha","Nhắc nhở","NhacNho","3","1","high","mai","relative"
"Em chưa hiểu bài quiz tuần này, có ai giải thích giúp em không?","Kiểm tra","KiemTraThuongXuyen","3","1","low","","submission"
"Bài tập lớn môn Tâm lý học khá nặng, mình đang chia nhỏ công việc để làm dần.","Bài tập","BaiTap","3","1","low","","submission"
"Sao trường mình wifi chậm thế này, không chịu được luôn.","Nhắc nhở","NhacNho","3","0","low","","none"
"remind ae mai nộp form đk môn tự chọn nhé","Nhắc nhở","NhacNho","3","1","high","mai","relative"
"ai làm xong assignment Toán chưa cho t copy tẹo =)) zz","Bài tập","BaiTap","3","1","low","","submission"
"report Kỹ năng mềm làm thuyết trình ez","Làm report","BaiTap","3","1","low","","submission"
"đc 10đ bài kiểmtra tk nhỏ mừng húm mn ạ 😍","Nhắc nhở","NhacNho","3","0","low","","none"
"deadline ôn thi cuối kỳ Mạng máy tính đang tới gần","Thi cuối kỳ Mạng máy tính đang tới gần","ThiCuoiKy","4","1","high","","submission"
"m làm ơn phản hồi tin nhắn group nha thg lol","Nhắc nhở","NhacNho","3","0","low","","none"
"Thứ 6 tuần sau kiểm tra 1 tiết Lý nha, khá khó.","Kiểm tra 1 tiết Lý nha, khá khó","KiemTraThuongXuyen","3","1","high","thứ 6","weekday"
"nhớ mang theo laptop thực hành Lý nha","Nhắc nhở","NhacNho","2","0","low","","none"
"xem lại công thc hóa","Ôn tập","OnTap","1","0","low","","none"
"review bài hôm qua chill 📝","Ôn tập","OnTap","3","0","low","","none"
"có pro code frontend nào giúp t pass bài này khum 😭","Bài tập","BaiTap","3","1","low","","submission"
"Mình cần chuẩn bị cho bài kiểm tra Pháp luật đại cương, độ khó khá cao.","Kiểm tra Pháp luật đại cương, độ khó khá cao","KiemTraThuongXuyen","3","1","high","","submission"
"Thi cuối kỳ môn Sinh lý học đang đến gần, mình bắt đầu ôn từ hôm nay.","Thi cuối kỳ môn Sinh lý học đang đến gần, mì","ThiCuoiKy","3","1","high","hôm nay","relative"
"nhớ mang theo laptop thực hành Cơ sở dữ liệu nha zz","Nhắc nhở","NhacNho","2","0","low","","none"
"team mình xem lại mindmap sinh 🫠 💀","Ôn tập","OnTap","2","1","medium","","none"
"kiểm tra miệng hóa kk 🙃","Kiểm tra","KiemTraThuongXuyen","4","1","medium","tuần sau","relative"
"Bài tập nhóm môn Kỹ năng mềm hạn nộp thứ 6, nhóm mình làm slide đi nha.","Thuyết trình","BaiTap","3","1","high","thứ 6","weekday"
"tuan sau thi cuoi ky roi dcm","Thi cuoi ky roi dcm","ThiCuoiKy","3","1","high","tuan sau","relative"
"team mình học bù phần mạng máy tính 🥲 🤯","Ôn tập","OnTap","2","0","low","","none"
"Bài tập phần Tích phân môn Toán cao cấp B2 hạn nộp thứ 3, làm từ bài 1 đến bài 10.","Bài tập","BaiTap","3","1","high","thứ 3","weekday"
"bọn mình đọc lại tài liệu triết lụm 🤯","Ôn tập","OnTap","2","0","low","","none"
"Đồ án môn Thiết kế web yêu cầu cả báo cáo và source, mình đang soạn lại tài liệu.","Làm project","BaiTap","4","1","low","","submission"
"Nhóm mình cần nộp bài tập môn Quản trị học trong tuần này.","Bài tập","BaiTap","3","1","high","","submission"
"pop quiz Triết dễ ăn điểm lắm","Kiểm tra","KiemTraThuongXuyen","3","1","low","","submission"
"báo cáo Mạng máy tính làm thuyết trình ez zz","Ôn tập","OnTap","2","0","low","","none"
"exam đợt này chua vãi đái ae ôn kỹ nha","Ôn tập","OnTap","3","0","low","","none"
"bai nay ra trong quiz hqua roi tuc ghe t ko hoc","Kiểm tra","KiemTraThuongXuyen","3","1","high","nay","relative"
"project mon Cd sở dữ liệu aang trễ tiến aộ","Làm project","BaiTap","4","1","low","","submission"
"Thi giữa kỳ môn Tài chính doanh nghiệp sắp diễn ra, mình đang ôn theo đề cương.","Thi giữa kỳ môn Tài chính doanh nghiệp sắp d","ThiCuoiKy","3","1","high","","submission"
"thi c cuối tuần gấp 📚","Thi","ThiCuoiKy","3","1","high","cuối tuần","relative"
"Bài lab môn Mạng máy tính nộp cuối tuần này, cấu hình router đó mấy bạn.","Nhắc nhở","NhacNho","3","1","high","cuối tuần","relative"
"m thi hóa","Thi","ThiCuoiKy","4","1","medium","mai","relative"
"Chị ơi, em chưa làm xong bài assignment tuần này, deadline là 10h tối mai 😅","Bài tập","BaiTap","3","1","high","mai","relative"
"nhờ m mua tao ly cfe đen ko đg tao trả trc 50k hsau bù nha","Nhắc nhở","NhacNho","3","0","low","","none"
"nay t dọn đồ về quê nha ae thi xong r xả stress thoyy","Thi xong r xả stress thoyy","ThiCuoiKy","3","1","high","nay","relative"
"aừng quen nộp lệ phi học Lập trenh ae di","Nhắc nhở","NhacNho","1","0","low","","none"
"ôn chương 3 giải tích kk 🧠","Ôn tập","OnTap","2","1","medium","","none"
"đừng quên nộp lệ phí học Lý ae ơi 🔥","Nhắc nhở","NhacNho","1","0","low","","none"
"Chiều mai kiểm tra Tiếng Anh, ai còn tài liệu ôn tập cho mình xin với.","Kiểm tra Tiếng Anh, ai còn tài liệu ôn tập cho mì","KiemTraThuongXuyen","3","1","high","mai","relative"
"deadline on thi cuối kỳ Lập trenh aang tới gần","Thi cuối kỳ Lập trenh aang tới gần","ThiCuoiKy","4","1","high","","submission"
"bài tập Lập trình về nhà tuần này dài ngoằng 🔥","Bài tập","BaiTap","4","1","low","","submission"
"Tiểu luận môn Triết học Mác - Lênin nộp tuần 13, đề tài về biện chứng duy vật.","Nhắc nhở","NhacNho","3","0","low","","none"
"Thứ 4 tuần này nộp bài luận phân tích tác phẩm môn Ngữ văn đại cương, dài tối thiểu 1500 từ.","Nhắc nhở","NhacNho","4","1","high","thứ 4","weekday"
"Chiều mai kiểm tra Triết học, ai còn tài liệu ôn tập cho mình xin với.","Kiểm tra Triết học, ai còn tài liệu ôn tập cho mì","KiemTraThuongXuyen","3","1","high","mai","relative"
"help coding với 😐","Nhắc nhở","NhacNho","3","0","low","","none"
"Đồ án môn Xử lý ảnh số yêu cầu cả báo cáo và source, mình đang soạn lại tài liệu.","Làm project","BaiTap","4","1","low","","submission"
"Chị ơi, em chưa làm xong bài assignment tuần này, deadline là 10h tối nay, mà em đang bị đau đầu 😅, giúp em với","Bài tập","BaiTap","3","1","high","tối nay","relative"
"Thi giữa kỳ môn Lý thuyết đồ thị vào cuối tuần 9, trọng tâm phần BFS và DFS.","Thi giữa kỳ môn Lý thuyết đồ thị vào cuối tu","ThiCuoiKy","3","1","high","cuối tuần","relative"
"ôn Lập trình sương sương thôi 🔥","Ôn tập","OnTap","2","0","low","","none"
"Tiểu luận môn Lịch sử Đảng hạn nộp ngày 25, viết về giai đoạn 1930-1945.","Nhắc nhở","NhacNho","3","0","low","","none"
"review bài hôm qua vc 📚","Ôn tập","OnTap","3","0","low","","none"
"Thứ 4 này cô gọi lên bảng kiểm tra bài môn Đại số tuyến tính, ôn phần không gian vectơ.","Kiểm tra bài môn Đại số tuyến tính, ôn phần không","KiemTraThuongXuyen","3","1","high","thứ 4","weekday"
"mng nhớ vote cho clb mik nhe","Nhắc nhở","NhacNho","3","0","low","","none"
"em exam mô 😭 😵‍💫","Thi cuối kỳ","ThiCuoiKy","3","1","high","tháng sau","relative"
"ôn Lý sương sương thôi 👍","Ôn tập","OnTap","2","0","low","","none"
"deadline ôn thi cuối kỳ Cơ sở dữ liệu đang tới gần","Thi cuối kỳ Cơ sở dữ liệu đang tới gần","ThiCuoiKy","4","1","high","","submission"
"test online hay offline vay m","Kiểm tra","KiemTraThuongXuyen","3","1","low","","submission"
"Hôm nay canteen đông quá, chắc mình ra ngoài ăn cho nhanh.","Nhắc nhở","NhacNho","3","1","high","hôm nay","relative"
"Ai có meme mới không, gửi mình xem với cho đỡ căng thẳng.","Nhắc nhở","NhacNho","3","0","low","","none"
"pop quiz Lý dễ ăn điểm lắm","Kiểm tra","KiemTraThuongXuyen","3","1","low","","submission"
"Deadline bài tập lớn môn Văn hóa doanh nghiệp sắp tới, mình đang hoàn thiện phần cuối.","Bài tập","BaiTap","3","1","high","","submission"
"project môn Triết đang trễ tiến độ 😭","Làm project","BaiTap","4","1","low","","submission"
"hôm nay ôn tập Toán nhé mọi người","Ôn tập","OnTap","3","1","high","hôm nay","relative"
"Đồ án môn Hệ thống thông tin quản lý yêu cầu cả báo cáo và source, mình đang soạn lại tài liệu.","Làm project","BaiTap","4","1","low","","submission"
"Thứ 6 này thuyết trình nhóm môn Quản lý dự án, mình làm phần lập WBS đó.","Ôn tập","OnTap","3","1","medium","thứ 6","weekday"
"Chị ơi, em nộp bài report vào 20/10 được không ạ, em đang cần gấp","Làm report","BaiTap","3","1","high","","submission"
"nhac ae la hom nay den h nop the do nha d quen d","Nhắc nhở","NhacNho","3","1","high","nay","relative"
"team mình chuẩn bị final vcl ✨","Thi cuối kỳ","ThiCuoiKy","5","1","high","thứ 2","weekday"
"Ủa hôm nay lớp mình có học không hay thầy nghỉ rồi?","Nhắc nhở","NhacNho","3","1","high","hôm nay","relative"
"cuối tuần phải review lại Lập trình cho kỹ","Review bài","OnTap","2","1","medium","cuối tuần","relative"
"bài tập Lý về nhà tuần này dài ngoằng hz","Bài tập","BaiTap","4","1","low","","submission"
"m quiz anh văn kk 📝","Quiz","KiemTraThuongXuyen","3","1","high","mai","relative"
"mai thivđ mak m đ học m định cạp cứt à đm tk điên","Nhắc nhở","NhacNho","3","1","high","mai","relative"
"thứ mấy thi lai mon ly vay, mk rớt môn này rồi","Thi lai mon ly vay, mk rớt môn này rồi","ThiCuoiKy","5","1","high","","submission"
"lịch thi final của tao là nguyên tuần sau full đét","Thi final của tao là nguyên tuần sau full đé","ThiCuoiKy","3","1","high","tuần sau","relative"
"tí tao bùng tiết nha ktra m nhắc t","Kiểm tra m nhắc t","KiemTraThuongXuyen","3","1","high","","submission"
"chuẩn bị thi final Lu roi lo qua","Thi final Lu roi lo qua","ThiCuoiKy","5","1","high","","submission"
"ngồi coy lại Triết mệt vl 😭","Nhắc nhở","NhacNho","5","0","low","","none"
"chot kịch bản quay film vao toi thu 5 nhe","Nhắc nhở","NhacNho","3","0","low","","none"
"Chiều mai kiểm tra Hóa đại cương, ai còn tài liệu ôn tập cho mình xin với.","Kiểm tra Hóa đại cương, ai còn tài liệu ôn tập ch","KiemTraThuongXuyen","3","1","high","mai","relative"
"ktra nhanh cuối buổi lụi 📚","Kiểm tra","KiemTraThuongXuyen","2","1","high","mai","relative"
"deadline on thi cuối kỳ Kỹ nyng mềm aang tới gần","Thi cuối kỳ Kỹ nyng mềm aang tới gần","ThiCuoiKy","4","1","high","","submission"
"tao final exam mạng máy tính chill ✨","Thi cuối kỳ","ThiCuoiKy","4","1","high","tháng sau","relative"
"discusion forum tuần này làm gì v ạ?","Nhắc nhở","NhacNho","3","0","low","","none"
"chú ý lịch học bù Hóa tuần sau 👍","Ôn tập","OnTap","2","1","medium","tuần sau","relative"
"ko biết bao h mới giàu k p cắm mặt làm mấy cái test khỉ hó này nx","Kiểm tra","KiemTraThuongXuyen","3","1","low","","submission"
"Chiều mai kiểm tra An toàn thông tin, ai còn tài liệu ôn tập cho mình xin với.","Kiểm tra An toàn thông tin, ai còn tài liệu ôn tậ","KiemTraThuongXuyen","3","1","high","mai","relative"
"Thi cuối kỳ môn Nguyên lý máy đang đến gần, mình bắt đầu ôn từ hôm nay.","Thi cuối kỳ môn Nguyên lý máy đang đến gần, ","ThiCuoiKy","3","1","high","hôm nay","relative"
"mai m rảnh ko qua starbuck học chung đi","Nhắc nhở","NhacNho","3","1","high","mai","relative"
"ôn Kỹ năng mềm sương sương thôi vkl","Ôn tập","OnTap","2","0","low","","none"
"lịch thi final của khoa m ra chưa","Thi final của khoa m ra chưa","ThiCuoiKy","3","1","high","","submission"
"tao mớ dc cho pass đề thi m lấy ko 🤫","Thi m lấy ko 🤫","ThiCuoiKy","3","1","high","","submission"
"thông báo dời lịch học bù sang sáng t7 nha","Ôn tập","OnTap","3","0","low","t7","weekday"
"Nhóm báo cáo môn Quản trị học tuần sau, mình phụ trách phần phân tích SWOT nha.","Nhắc nhở","NhacNho","3","1","medium","tuần sau","relative"
"tao ôn nãy h mờ cả mắt rồi ae ơi","Ôn tập","OnTap","3","0","low","","none"
"Bài project lớn này khó quá, ai giúp mình với, nộp vào thứ 6 tuần sau","Làm project","BaiTap","4","1","high","thứ 6","weekday"
"Nhóm mình cần nộp bài tập môn Luật kinh tế trong tuần này.","Bài tập","BaiTap","3","1","high","","submission"
"Bài tập về nhà môn Lập trình Prolog cần hoàn thành sớm để kịp hạn nộp.","Bài tập","BaiTap","3","1","high","","submission"
"ai rảnh call dọa dò bài t dc k m xao nhãng quá","Nhắc nhở","NhacNho","3","0","low","","none"
"Thầy nhắc nộp báo cáo Cơ học kỹ thuật, mình cần kiểm tra lại format trước khi gửi.","Kiểm tra lại format trước khi gửi","KiemTraThuongXuyen","3","1","high","","submission"
"Ai có đề cương thi cuối kỳ môn Kế toán quản trị cho mình xin tham khảo.","Thi cuối kỳ môn Kế toán quản trị cho mình xi","ThiCuoiKy","4","1","high","","submission"
"Mấy đứa ơi tối nay đi uống trà sữa không?","Nhắc nhở","NhacNho","3","1","high","tối nay","relative"
"deadline ôn thi cuối kỳ Cơ sở dữ liệu đang tới gần 😭","Thi cuối kỳ Cơ sở dữ liệu đang tới gần 😭","ThiCuoiKy","4","1","high","","submission"
"Bài project lớn này khó quá, ai giúp mình với, nộp vào thứ 6 tuần sau, mình đang bận quá","Làm project","BaiTap","4","1","high","thứ 6","weekday"
"project team mình hqua review bị thầy chê quá tr 🥲","Làm project","BaiTap","4","1","low","","submission"
"có ai rảnh help tớ cái task excel này vs","Nhắc nhở","NhacNho","3","0","low","","none"
"báo cáo Triết làm thuyết trình ez vkl","Ôn tập","OnTap","2","0","low","","none"
"alo ai đi lấy áo lớp vs t ko","Nhắc nhở","NhacNho","3","0","low","","none"
"Thầy cô nhắc nộp bài tập nhóm Marketing, mình đang tổng hợp nội dung.","Bài tập","BaiTap","3","1","high","","submission"
"lập trình 1 là con môn quỷ dị đm nó cướp t 3 tr","Nhắc nhở","NhacNho","3","0","low","","none"
"chú ý lịch học bù Kỹ năng mềm tuần sau 😭","Ôn tập","OnTap","2","1","medium","tuần sau","relative"
"Mình cần chuẩn bị cho bài kiểm tra Triết học, độ khó khá cao.","Kiểm tra Triết học, độ khó khá cao","KiemTraThuongXuyen","3","1","high","","submission"
"xem lại công thức hóa 😭 ⏰","Ôn tập","OnTap","2","1","medium","","none"
"Thứ 6 tuần sau kiểm tra 1 tiết Sinh nha, khá khó.","Kiểm tra 1 tiết Sinh nha, khá khó","KiemTraThuongXuyen","3","1","high","thứ 6","weekday"
"em ktra 1 tiết toán","Kiểm tra 1 tiết","KiemTraThuongXuyen","3","1","medium","tuần sau","relative"
"ôn Cơ sở dữ liệu sương sương thôi","Ôn tập","OnTap","2","0","low","","none"
"Bài tập nhóm môn Tâm lý học hạn thứ 4, nhóm mình còn thiếu phần dẫn chứng thực tế.","Bài tập","BaiTap","3","1","medium","thứ 4","weekday"
"Bài tập nhóm môn Kinh tế lượng nộp thứ 6, chạy hồi quy OLS bằng STATA hoặc R.","Bài tập","BaiTap","3","1","high","thứ 6","weekday"
"báo cáo Hóa làm thuyết trình ez","Ôn tập","OnTap","2","0","low","","none"
"report Toán làm thuyết trình ez","Làm report","BaiTap","3","1","low","","submission"
"E k hiểu bài quiz tuần này, có ai giải thích giúp e không?","Kiểm tra","KiemTraThuongXuyen","3","1","low","","submission"
"tao đọc lại tài liệu triết căng ⏰","Ôn tập","OnTap","1","0","low","","none"
"Cuối tuần này thuyết trình môn Marketing, nhóm mình chuẩn bị kỹ vào nha.","Ôn tập","OnTap","3","1","medium","cuối tuần","relative"
"hôm nay ôn tập Kỹ năng mềm nhé mọi người 😭","Ôn tập","OnTap","3","1","high","hôm nay","relative"
"chú ý lịch học bù Kỹ năng mềm tuần sau zz","Ôn tập","OnTap","2","1","medium","tuần sau","relative"
"project mon Hoa aang trễ tiến aộ","Làm project","BaiTap","4","1","low","","submission"
"bài tập Triết về nhà tuần này dài ngoằng 😂","Bài tập","BaiTap","4","1","low","","submission"
"nhóm mình làm prezentasion đến đâu rồi?","Nhắc nhở","NhacNho","3","0","low","","none"
"ngồi cày lại Lý mệt vl 😭","Nhắc nhở","NhacNho","5","0","low","","none"
"deadline dí sát đít r mà vẫn lười vl =))","Nhắc nhở","NhacNho","3","0","low","","none"
"thi c cuối tuần 🫠 ⏰","Thi","ThiCuoiKy","5","1","high","thứ 2","weekday"
"quiz anh văn lụm 📚","Quiz","KiemTraThuongXuyen","4","1","high","hôm nay","relative"
"Mình chưa xong bài tập Hệ thống nhúng, tối nay phải làm dứt điểm.","Bài tập","BaiTap","3","1","high","tối nay","relative"
"mai test anh văn lụm 🤯","Test","KiemTraThuongXuyen","3","1","high","chiều nay","relative"
"Mình phải nộp bài tập lớn Tâm lý học trong tuần này, ai rảnh review giúp mình không?","Bài tập","BaiTap","3","1","high","","submission"
"thi cuoi ky mon nao do thang nay khó lắm nghe mn","Thi cuoi ky mon nao do thang nay khó lắm ngh","ThiCuoiKy","5","1","high","nay","relative"
"mk d lm kịp bài ktra m ơi h cô d cho nộp gòi s jo","Kiểm tra m ơi h cô d cho nộp gòi s jo","KiemTraThuongXuyen","3","1","high","","submission"
"pop quiz Triết dễ ăn điểm lắm zz","Kiểm tra","KiemTraThuongXuyen","3","1","low","","submission"
"mai kt 1 tiết Lập trình sợ toang","Nhắc nhở","NhacNho","5","1","high","mai","relative"
"m ôn de cương","Ôn tập","OnTap","3","1","medium","tối nay","relative"
"thấy bảo tuần sau thầy ktra vở đấy","Kiểm tra vở đấy","KiemTraThuongXuyen","3","1","high","tuần sau","relative"
"Bài này khó quá, ai giúp mình với, mình đang bận 😓","Nhắc nhở","NhacNho","5","0","low","","none"
"Bài tập môn Hệ thống nhúng có vài câu khó, mình đang đối chiếu tài liệu.","Bài tập","BaiTap","5","1","low","","submission"
"toang r mai ktra 1 tiet hóa tao chua hoc j","Kiểm tra 1 tiet hóa tao chua hoc j","KiemTraThuongXuyen","3","1","high","mai","relative"
"ktra 1 tiết sinh học phần di truyền nha","Kiểm tra 1 tiết sinh học phần di truyền nha","KiemTraThuongXuyen","3","1","high","","submission"
"report Cơ sở dữ liệu làm thuyết trình ez","Làm report","BaiTap","3","1","low","","submission"
"tao pop quiz môn sinh chiều nay 🫠 😵‍💫","Quiz","KiemTraThuongXuyen","2","1","medium","chiều nay","relative"
"nhớ mang theo laptop thực hành Hóa nha 👍","Nhắc nhở","NhacNho","2","0","low","","none"
"tối nay cày nốt 3 đề toán là đi ngủ 😪","Nhắc nhở","NhacNho","3","1","high","tối nay","relative"
"pop quiz Lý dễ ăn điểm lắm zz","Kiểm tra","KiemTraThuongXuyen","3","1","low","","submission"
"ô n thi đợt này vc 😵‍💫","Thi","ThiCuoiKy","4","1","medium","cuối tuần","relative"
"final exam mạng máy tính vl 📝","Thi cuối kỳ","ThiCuoiKy","3","1","high","thứ 2","weekday"
"em đợt này test nhỏ c++ vc 📚","Test","KiemTraThuongXuyen","3","1","medium","mai","relative"
"Mình cần chuẩn bị cho bài kiểm tra Kỹ thuật nhiệt, độ khó khá cao.","Kiểm tra Kỹ thuật nhiệt, độ khó khá cao","KiemTraThuongXuyen","3","1","high","","submission"
"Thầy dặn làm bài tập chương 5 môn Xác suất thống kê, nộp thứ 4 tuần sau.","Bài tập","BaiTap","3","1","high","thứ 4","weekday"
"tao th 3 ktra 15p sử","Kiểm tra 15 phút","KiemTraThuongXuyen","3","1","high","hôm nay","relative"
"ngồi cày lại Toán mệt vl 😭 vkl","Nhắc nhở","NhacNho","5","0","low","","none"
"cuối tuần phải review lại Mạng máy tính cho kỹ","Review bài","OnTap","2","1","medium","cuối tuần","relative"
"Đồ án môn Phát triển ứng dụng web còn nhiều việc chưa xong, nhóm mình đang chạy deadline.","Làm project","BaiTap","4","1","high","","submission"
"cô nói mai test 15p nhg hnay cô ốm z mai nghỉ hay vẫn test onl","Kiểm tra","KiemTraThuongXuyen","3","1","high","mai","relative"
"tao final exam mạng máy tính gấp 🔥","Thi cuối kỳ","ThiCuoiKy","3","1","high","tháng sau","relative"
"báo cáo Kỹ năng mềm làm thuyết trình ez 🔥","Ôn tập","OnTap","2","0","low","","none"
"báo cáo Mạng máy tính làm thuyết trình ez vkl","Ôn tập","OnTap","2","0","low","","none"
"Đồ án cuối kỳ môn An toàn thông tin bảo vệ tuần 16, nhóm mình làm chủ đề mã hóa AES.","Làm project","BaiTap","4","1","low","","submission"
"anh thi cuối kỳ toán","Thi cuối kỳ","ThiCuoiKy","4","1","high","tháng sau","relative"
"cày de toán tối nay","Ôn tập","OnTap","2","0","low","","none"
"ôn Kỹ năng mềm sương sương thôi","Ôn tập","OnTap","2","0","low","","none"
"đề cwong kho vãi lồn thầy gjan ác vc","Nhắc nhở","NhacNho","3","0","low","","none"
"Thầy cô nhắc nộp bài tập nhóm Kế toán tài chính, mình đang tổng hợp nội dung.","Bài tập","BaiTap","3","1","high","","submission"
"quiz anh văn căng ✨","Quiz","KiemTraThuongXuyen","4","1","high","thứ 3","weekday"
"Bài tập lớn môn Truyền thông đa phương tiện khá nặng, mình đang chia nhỏ công việc để làm dần.","Bài tập","BaiTap","3","1","low","","submission"
"Thầy nhắc nộp báo cáo Vi xử lý, mình cần kiểm tra lại format trước khi gửi.","Kiểm tra lại format trước khi gửi","KiemTraThuongXuyen","3","1","high","","submission"
"đừng quên nộp lệ phí học Mạng máy tính ae ơi zz","Nhắc nhở","NhacNho","1","0","low","","none"
"nay cô cho test thu mà tao dc co 2d vcl","Kiểm tra","KiemTraThuongXuyen","3","1","high","nay","relative"
"bài tập Toán về nhà tuần này dài ngoằng 👍","Bài tập","BaiTap","4","1","low","","submission"
"assignment Lý về nhà tuần này dài ngoằng","Bài tập","BaiTap","4","1","low","","submission"
"ai làm xong assignment Toán chưa cho t copy tẹo =)) 👍","Bài tập","BaiTap","3","1","low","","submission"
"toi nay nop btl roi ma chua lam gi het, chet","Nhắc nhở","NhacNho","3","1","high","nay","relative"
"chú ý lịch học bù Cơ sở dữ liệu tuần sau","Ôn tập","OnTap","2","1","medium","tuần sau","relative"
"nay làm bài ktra ngu vkl hi vọng trên trung bình","Kiểm tra ngu vkl hi vọng trên trung bình","KiemTraThuongXuyen","3","1","high","nay","relative"
"Bài tập lớn môn Văn hóa doanh nghiệp khá nặng, mình đang chia nhỏ công việc để làm dần.","Bài tập","BaiTap","3","1","low","","submission"
"Mình cần ôn gấp cho bài thi giữa kỳ Kinh tế vĩ mô, nội dung khá nhiều.","Thi giữa kỳ Kinh tế vĩ mô, nội dung khá nhiề","ThiCuoiKy","5","1","high","","submission"
"chuẩn bị thi final Kỹ năng mềm rôi lo quá","Thi final Kỹ năng mềm rôi lo quá","ThiCuoiKy","5","1","high","","submission"
"đợt này test nhỏ c++ căng 😵‍💫","Test","KiemTraThuongXuyen","4","1","high","tuần sau","relative"
"mai kt 1 tiết Cd sở dữ liệu sợ toang","Nhắc nhở","NhacNho","5","1","high","mai","relative"
"Chiều mai kiểm tra Lý, ai còn tài liệu ôn tập cho mình xin với.","Kiểm tra Lý, ai còn tài liệu ôn tập cho mình xin ","KiemTraThuongXuyen","3","1","high","mai","relative"
"chuẩn bị thi final Hóa rôi lo quá 😭","Thi final Hóa rôi lo quá 😭","ThiCuoiKy","5","1","high","","submission"
"team mình exam qua môn là được","Thi","ThiCuoiKy","4","1","high","hôm nay","relative"
"m 15p tin học tuan sau","Kiểm tra 15 phút","KiemTraThuongXuyen","3","1","medium","chiều nay","relative"
"ôn Toán sương sương thôi vkl","Ôn tập","OnTap","2","0","low","","none"
"Báo cáo Vật lý thí nghiệm phải nộp trong tuần này, mình đang viết phần nhận xét.","Nhắc nhở","NhacNho","3","0","low","","none"
"Chiều mai kiểm tra Lịch sử Đảng, ai còn tài liệu ôn tập cho mình xin với.","Kiểm tra Lịch sử Đảng, ai còn tài liệu ôn tập cho","KiemTraThuongXuyen","3","1","high","mai","relative"
"hôm nay ôn tập Lý nhé mọi người 😂","Ôn tập","OnTap","3","1","high","hôm nay","relative"
"Thầy nhắc nộp báo cáo Hóa phân tích, mình cần kiểm tra lại format trước khi gửi.","Kiểm tra lại format trước khi gửi","KiemTraThuongXuyen","3","1","high","","submission"
"mai kt 1 tiết Triết sợ toang","Nhắc nhở","NhacNho","5","1","high","mai","relative"
"t ôn môn này dc 1 tiếng mà não load k nổi lun á đừ vãi","Ôn tập","OnTap","3","0","low","","none"
"15p tin học tuan sau","Kiểm tra 15 phút","KiemTraThuongXuyen","3","1","high","thứ 3","weekday"
"test anh văn bà cô gác gắt quá t d copy đc con me j","Kiểm tra","KiemTraThuongXuyen","3","1","low","","submission"
"thầy bảo lm tiểu luạn nộp trc 20 mà mk chưa chọn đề :((","Nhắc nhở","NhacNho","3","0","low","","none"
"cuối tuần phải review lại Mạng máy tính cho kỹ 😂","Review bài","OnTap","2","1","medium","cuối tuần","relative"
"t ôn chương 3 giải tích","Ôn tập","OnTap","2","1","medium","","none"
"Chj ơi, e chưa làm xong bài assingment tuần này, deadline là 10h tối mai 😅","Nhắc nhở","NhacNho","3","1","high","mai","relative"
"tao ôn đề cương","Ôn tập","OnTap","1","0","low","","none"
"Ai có đề cương thi cuối kỳ môn Phương trình vi phân cho mình xin tham khảo.","Thi cuối kỳ môn Phương trình vi phân cho mìn","ThiCuoiKy","3","1","high","","submission"
"bài tậpp vật lí chương 3 nộp thứ mấy z mn","Nhắc nhở","NhacNho","3","0","low","","none"
"Bài tập môn Xác suất thống kê có vài câu khó, mình đang đối chiếu tài liệu.","Bài tập","BaiTap","5","1","low","","submission"
"Đồ án môn Lập trình mobile còn nhiều việc chưa xong, nhóm mình đang chạy deadline.","Làm project","BaiTap","4","1","high","","submission"
"team mình đợt này test nhỏ c++ 😭 💀","Test","KiemTraThuongXuyen","2","1","medium","thứ 3","weekday"
"tao quiz anh văn :)) 🔥","Quiz","KiemTraThuongXuyen","3","1","medium","mai","relative"
"assignment Lập trình về nhà tuần này dài ngoằng","Bài tập","BaiTap","4","1","low","","submission"
"Deadline đồ án Phát triển ứng dụng web đã gần, mình cần hoàn thiện phần demo.","Làm project","BaiTap","4","1","high","","submission"
"Nhóm mình cần nộp bài tập môn Tài chính quốc tế trong tuần này.","Bài tập","BaiTap","3","1","high","","submission"
"bài tập Hóa về nhà tuần này dài ngoằng 👍","Bài tập","BaiTap","4","1","low","","submission"
"team mình mai test anh văn lụm ✨","Test","KiemTraThuongXuyen","3","1","high","hôm nay","relative"
"hôm nay ôn tập Lập trình nhé mọi người","Ôn tập","OnTap","3","1","high","hôm nay","relative"
"pop quiz Lý dễ ăn điểm lắm 😂","Kiểm tra","KiemTraThuongXuyen","3","1","low","","submission"
"exam c cuối tuần","Thi","ThiCuoiKy","5","1","medium","tháng sau","relative"
"Thầy nhắc nộp báo cáo Vật liệu xây dựng, mình cần kiểm tra lại format trước khi gửi.","Kiểm tra lại format trước khi gửi","KiemTraThuongXuyen","3","1","high","","submission"
"em exam c cuối tuần vl 🔥","Thi","ThiCuoiKy","4","1","high","tháng sau","relative"
"ai làm xong assignment Kỹ năng mềm chưa cho t copy tẹo =)) 🔥","Bài tập","BaiTap","3","1","low","","submission"
"Bài tập lớn môn Nguyên lý máy tính phải nộp tuần 12, thầy yêu cầu mô phỏng pipeline.","Bài tập","BaiTap","3","1","high","","submission"
"Mình cần help với bài codding, deadline là 2 ngày nữa","Nhắc nhở","NhacNho","3","0","low","","none"
"ai làm xong assignment Lập trình chưa cho t copy tẹo =)) hz","Bài tập","BaiTap","3","1","low","","submission"
"báo cáo Triết làm thuyết trình ez ak","Ôn tập","OnTap","2","0","low","","none"
"Mình cần nộp báo cáo môn Hóa sinh trước hạn, hiện đang hoàn thiện số liệu.","Nhắc nhở","NhacNho","3","0","low","","none"
"Mình cần chuẩn bị cho bài kiểm tra Lịch sử Đảng, độ khó khá cao.","Kiểm tra Lịch sử Đảng, độ khó khá cao","KiemTraThuongXuyen","3","1","high","","submission"
"lịch thi ra rồi đm 🔥","Thi","ThiCuoiKy","5","1","high","hôm nay","relative"
"Bài tập này khó quá, có ai làm xong chưa, mình cần tham khảo","Bài tập","BaiTap","5","1","low","","submission"
"ai làm xong assignment Hóa chưa cho t copy tẹo =)) 😂","Bài tập","BaiTap","3","1","low","","submission"
"mai lsmf bsai tấp á tao chua xem đề luon mak","Nhắc nhở","NhacNho","3","1","high","mai","relative"
"tao thi giữa kỳ triết","Thi","ThiCuoiKy","4","1","high","thứ 2","weekday"
"pop quiz Kỹ năng mềm dễ ăn điểm lắm","Kiểm tra","KiemTraThuongXuyen","3","1","low","","submission"
"deadline project final là 23h59 chủ nhật nha","Kiểm tra","ThiCuoiKy","3","1","high","chủ nhật","weekday"
"dm mai thi mac thay mo t run wa","Thi mac thay mo t run wa","ThiCuoiKy","3","1","high","mai","relative"
"anh mai test anh văn","Test","KiemTraThuongXuyen","3","1","medium","mai","relative"
"ôn Lý sương sương thôi","Ôn tập","OnTap","2","0","low","","none"
"team mình ô n thi đợt này","Thi","ThiCuoiKy","5","1","medium","tháng sau","relative"
"ôn Triết sương sương thôi hz","Ôn tập","OnTap","2","0","low","","none"
"Bài tập nhóm Marketing đang thiếu một vài phần, cần họp nhóm gấp.","Bài tập","BaiTap","5","1","low","","submission"
"mai thi mác lenin 120 câu trắc nghiệm dã man","Thi mác lenin 120 câu trắc nghiệm dã man","ThiCuoiKy","3","1","high","mai","relative"
"ktra nhanh cuối buổi căng ⏰","Kiểm tra","KiemTraThuongXuyen","2","1","high","hôm nay","relative"
"cô cho bài tập về nhà mon ktvm nhưng mình ghi ko kịp đề, ai chụp giúp mình với","Bài tập","BaiTap","3","1","low","","submission"
"anh xem lại mindmap sinh","Ôn tập","OnTap","3","1","medium","tối nay","relative"
"chuẩn bị thi final Lập trenh roi lo qua","Thi final Lập trenh roi lo qua","ThiCuoiKy","5","1","high","","submission"
"Mình chưa xong bài tập Lập trình Java, tối nay phải làm dứt điểm.","Bài tập","BaiTap","3","1","high","tối nay","relative"
"Đồ án môn Kỹ thuật phần mềm còn nhiều việc chưa xong, nhóm mình đang chạy deadline.","Làm project","BaiTap","4","1","high","","submission"
"team mình chuẩn bị final căng ⏰","Thi cuối kỳ","ThiCuoiKy","5","1","medium","mai","relative"
"Tối nay ăn gì mày?","Nhắc nhở","NhacNho","3","1","high","tối nay","relative"
"có ai rành edit video k phụ t cái clip bài tập này vs","Bài tập","BaiTap","3","1","low","","submission"
"mai có buồi recap môn cơ sở dữ liệu á đi k m","Nhắc nhở","NhacNho","3","1","high","mai","relative"
"hom nay on tập Kỹ nyng mềm nhe mọi người","Nhắc nhở","NhacNho","3","1","high","nay","relative"
"báo cáo Hóa làm thuyết trình ez 🔥","Ôn tập","OnTap","2","0","low","","none"
"thực hành buổi 4 làm cái gì vậy, mk nghỉ buổi đó không biết gì luôn","Nhắc nhở","NhacNho","3","0","low","","none"
"cày de toán tối nay :)) 🙃","Ôn tập","OnTap","2","0","low","","none"
"xem lại mindmap sinh vl 🧠","Ôn tập","OnTap","2","1","medium","tuần sau","relative"
"cuối tuần phải review lại Hóa cho kỹ hz","Review bài","OnTap","2","1","medium","cuối tuần","relative"
"mai có test math k nhỉ","Kiểm tra","KiemTraThuongXuyen","3","1","high","mai","relative"
"Tuần này có bài kiểm tra môn Kỹ thuật nhiệt, mình đang ôn lại nội dung chính.","Kiểm tra môn Kỹ thuật nhiệt, mình đang ôn lại nội","KiemTraThuongXuyen","3","1","high","","submission"
"project môn Kỹ năng mềm đang trễ tiến độ","Làm project","BaiTap","4","1","low","","submission"
"Đợt thi giữa kỳ môn Sinh thái học môi trường khó hơn mình dự kiến, phải tập trung hơn.","Thi giữa kỳ môn Sinh thái học môi trường khó","ThiCuoiKy","5","1","high","","submission"
"Bài tập này khó quá, có ai làm xong chưa?","Bài tập","BaiTap","5","1","low","","submission"
"Bài tập nhóm Thống kê ứng dụng đang thiếu một vài phần, cần họp nhóm gấp.","Bài tập","BaiTap","5","1","low","","submission"
"boi tập Lu về nho tuần noy doi ngoằng","Nhắc nhở","NhacNho","4","0","low","","none"
"m test anh văn đm 😵‍💫","Test","KiemTraThuongXuyen","2","1","medium","tuần sau","relative"
"em học bù phần mạng máy tính x100 📝","Ôn tập","OnTap","2","0","low","","none"
"chuẩn bị thi final Lập trình rôi lo quá","Thi final Lập trình rôi lo quá","ThiCuoiKy","5","1","high","","submission"
